"X1","X2"
0.564245,0.573220
0.482677,0.590576
0.535010,0.575761
0.483634,0.027552
0.698641,0.738864
0.463605,0.080347
0.273774,0.819277
0.813865,0.910975
0.166370,0.682505
0.448294,0.387019
0.655778,0.565103
0.134297,0.194450
0.964034,0.444301
0.844321,0.417343
0.374183,0.780670
0.983271,0.270903
0.133736,0.593876
0.868112,0.143272
0.442256,0.641985
0.623243,0.417805
0.571042,0.860127
0.644988,0.936943
0.289283,0.148914
0.465716,0.612453
0.634891,0.338448
0.562760,0.211113
0.228767,0.310302
0.117798,0.370125
0.142876,0.659374
0.431004,0.408665
0.699234,0.288062
0.565169,0.545008
0.640665,0.738237
0.550155,0.972547
0.073418,0.272520
0.554049,0.871973
0.739227,0.974362
0.403583,0.584670
0.010493,0.559889
0.794265,0.297763
0.814888,0.213522
0.341286,0.724609
0.357916,0.628654
0.201610,0.124992
0.474230,0.497888
0.090576,0.633967
0.488022,0.038705
0.449053,0.657098
0.785554,0.017059
0.325315,0.934138
0.627071,0.666535
0.225533,0.640203
0.564872,0.111331
0.589883,0.148320
0.866726,0.510295
0.205273,0.767868
0.100508,0.068897
0.186333,0.849964
0.861876,0.188939
0.375866,0.496535
0.271002,0.401274
0.339900,0.016795
0.120933,0.888735
0.678908,0.857388
0.089520,0.465881
0.307464,0.128951
0.574606,0.178908
0.254339,0.771266
0.490563,0.653468
0.883521,0.392794
0.077179,0.558272
0.197255,0.019666
0.729460,0.382466
0.733485,0.781924
0.421831,0.486570
0.130667,0.687356
0.343364,0.221276
0.713390,0.058272
0.985712,0.022504
0.551277,0.870554
0.265261,0.730317
0.358147,0.610473
0.241107,0.997954
0.228008,0.642480
0.988055,0.502937
0.951891,0.502277
0.767967,0.388768
0.317990,0.865901
0.374480,0.930113
0.034020,0.974164
0.817198,0.550617
0.736257,0.703029
0.895796,0.917046
0.176104,0.726754
0.112750,0.997558
0.279615,0.574375
0.812545,0.789217
0.940705,0.740810
0.855243,0.415198
0.241767,0.411767
0.340857,0.821553
0.284564,0.302547
0.658879,0.036428
0.664687,0.265492
0.657725,0.663136
0.467201,0.055633
0.888801,0.568501
0.979971,0.779021
0.569524,0.987164
0.385435,0.786676
0.907279,0.303801
0.139609,0.252095
0.872435,0.358972
0.181383,0.741140
0.015508,0.471953
0.651884,0.173200
0.468521,0.789448
0.114466,0.780539
0.573022,0.248202
0.983535,0.689302
0.178875,0.556127
0.586716,0.650795
0.325051,0.933116
0.581931,0.490596
0.506929,0.379727
0.682076,0.310863
0.631195,0.466607
0.930839,0.253811
0.168185,0.654095
0.758629,0.500627
0.721243,0.104996
0.328549,0.058668
0.179997,0.090609
0.778559,0.584274
0.129149,0.491784
0.083812,0.584043
0.331354,0.452056
0.659605,0.751039
0.788821,0.174520
0.883917,0.016432
0.144889,0.826305
0.775193,0.119778
0.553653,0.601201
0.671517,0.403187
0.825678,0.345971
0.186300,0.505082
0.856233,0.871181
0.411041,0.838151
0.285653,0.157197
0.845080,0.036923
0.503960,0.350624
0.174256,0.305286
0.796806,0.507490
0.249324,0.285455
0.632944,0.096648
0.229855,0.622847
0.303999,0.126147
0.982182,0.696529
0.947568,0.799017
0.028806,0.426351
0.925724,0.330001
0.293638,0.758266
0.210486,0.417409
0.992015,0.792021
0.628951,0.223190
0.547152,0.387448
0.559988,0.638883
0.754834,0.884346
0.072362,0.102554
0.373490,0.638718
0.864779,0.855969
0.872402,0.221837
0.175741,0.154755
0.050683,0.616974
0.666535,0.115951
0.973702,0.942883
0.497492,0.170461
0.068369,0.318386
0.690787,0.760575
0.120735,0.814690
0.645054,0.122088
0.300568,0.998482
0.395367,0.733287
0.605590,0.121230
0.552432,0.850921
0.462747,0.353527
0.127071,0.804725
0.728371,0.408170
0.547284,0.202930
0.582558,0.902858
0.614136,0.286379
0.013760,0.255560
0.352834,0.954893
0.332706,0.236257
0.890946,0.634858
0.346697,0.191942
0.283244,0.012968
0.433182,0.230383
0.071603,0.624662
0.243714,0.438296
0.673761,0.384445
0.209331,0.122418
0.794529,0.055204
0.860028,0.494721
0.059889,0.089124
0.240711,0.328879
0.160298,0.565301
0.410117,0.228503
0.127664,0.301161
0.829935,0.798093
0.914175,0.267439
0.318848,0.997987
0.521184,0.648155
0.119514,0.479080
0.436283,0.399063
0.601993,0.636574
0.937438,0.487065
0.296641,0.772487
0.723949,0.863459
0.791229,0.510130
0.295783,0.739491
0.577245,0.188181
0.705735,0.366000
0.676698,0.949977
0.711509,0.390649
0.664093,0.189368
0.556160,0.570316
0.100310,0.091137
0.152478,0.675081
0.072890,0.110077
0.463770,0.932687
0.301986,0.416815
0.637992,0.689863
0.093117,0.652610
0.922491,0.245232
0.740711,0.178513
0.657494,0.703161
0.427704,0.939748
0.134990,0.631327
0.082492,0.584703
0.105656,0.565565
0.066521,0.273906
0.374810,0.110308
0.090444,0.972415
0.465452,0.249819
0.589751,0.967399
0.844156,0.387184
0.345971,0.593480
0.159110,0.075167
0.206989,0.928265
0.393915,0.656339
0.357322,0.886557
0.100046,0.482809
0.107338,0.040355
0.354286,0.940870
0.580974,0.824292
0.343298,0.773609
0.702105,0.056391
0.056029,0.699036
0.580578,0.230317
0.275589,0.613311
0.124167,0.486009
0.231835,0.590873
0.642546,0.626840
0.871775,0.812875
0.068534,0.809972
0.719000,0.310533
0.944895,0.409853
0.571801,0.492378
0.774764,0.686201
0.480301,0.022636
0.128753,0.893255
0.016102,0.634891
0.753448,0.197618
0.835412,0.989144
0.850789,0.127170
0.480070,0.872467
0.089256,0.059460
0.262324,0.226820
0.856002,0.011714
0.371544,0.014717
0.531875,0.531182
0.947634,0.360292
0.040091,0.968158
0.855375,0.517719
0.264337,0.044777
0.200158,0.701346
0.225962,0.627598
0.638223,0.943411
0.132614,0.261268
0.676269,0.936712
0.638157,0.109186
0.121329,0.779450
0.746618,0.060912
0.667459,0.476539
0.131657,0.962087
0.512638,0.473471
0.658186,0.434270
0.546195,0.692074
0.396357,0.032832
0.774863,0.646902
0.497228,0.263413
0.023230,0.305583
0.972184,0.558569
0.237940,0.070745
0.686366,0.167756
0.364680,0.853032
0.358279,0.716756
0.263677,0.277932
0.087309,0.802712
0.929453,0.061968
0.931235,0.658154
0.235894,0.198674
0.336534,0.170725
0.545437,0.363789
0.266581,0.569722
0.583845,0.989012
0.834191,0.104468
0.642018,0.967894
0.781495,0.472316
0.631327,0.235630
0.953409,0.527024
0.027486,0.645219
0.700026,0.973999
0.700587,0.522240
0.796509,0.822312
0.198542,0.433083
0.949515,0.487758
0.361711,0.891672
0.850492,0.362469
0.429288,0.342704
0.405827,0.943246
0.394179,0.232891
0.402462,0.055963
0.818683,0.625256
0.990167,0.540454
0.312974,0.955058
0.516861,0.264634
0.380387,0.515574
0.043985,0.675906
0.521151,0.251963
0.113872,0.336270
0.471458,0.836567
0.616644,0.884808
0.442586,0.182010
0.679667,0.304725
0.219297,0.411008
0.498482,0.691018
0.237643,0.851251
0.635584,0.410282
0.681251,0.566159
0.490134,0.376064
0.810170,0.680921
0.534449,0.114598
0.387712,0.710189
0.296575,0.148551
0.712664,0.550023
0.861579,0.600871
0.325084,0.346433
0.587573,0.584538
0.471755,0.537187
0.667426,0.393189
0.126015,0.626378
0.547812,0.733419
0.672837,0.143932
0.051343,0.755494
0.779384,0.940705
0.270211,0.795915
0.204481,0.892892
0.965122,0.572461
0.030489,0.460041
0.213456,0.124431
0.499802,0.401406
0.463341,0.039497
0.228635,0.793308
0.095229,0.444532
0.283574,0.457071
0.489606,0.613674
0.719890,0.548439
0.097208,0.328450
0.622121,0.491520
0.379199,0.538639
0.840890,0.642909
0.787402,0.576717
0.641292,0.192140
0.657362,0.047020
0.405134,0.087243
0.275688,0.005378
0.141094,0.925097
0.126312,0.111496
0.598594,0.176698
0.356266,0.391012
0.919521,0.251798
0.232891,0.307893
0.823104,0.955850
0.746222,0.400845
0.599749,0.943048
0.553752,0.198839
0.688445,0.199102
0.720154,0.244506
0.142348,0.053653
0.340725,0.227975
0.261994,0.210354
0.799578,0.179766
0.723289,0.918828
0.678381,0.033195
0.999274,0.709331
0.870257,0.000990
0.809015,0.170263
0.336963,0.284333
0.618788,0.903715
0.809345,0.433940
0.393387,0.635320
0.267043,0.271398
0.662839,0.679007
0.341748,0.785455
0.436910,0.093810
0.709199,0.134759
0.269122,0.177754
0.018280,0.572626
0.125817,0.488418
0.513958,0.005147
0.883884,0.885369
0.139246,0.278493
0.810368,0.899195
0.568303,0.656438
0.176665,0.903583
0.208672,0.411239
0.681680,0.730746
0.563486,0.684254
0.352900,0.687818
0.343991,0.300733
0.820597,0.724312
0.317396,0.577575
0.272916,0.339702
0.667162,0.426780
0.080875,0.403781
0.829209,0.448129
0.790042,0.075662
0.092655,0.013364
0.843496,0.298489
0.233122,0.338382
0.862601,0.199762
0.500000,0.358015
0.497195,0.576552
0.017587,0.163763
0.007325,0.166304
0.252590,0.603313
0.191513,0.766416
0.747707,0.819211
0.853659,0.899624
0.970963,0.730218
0.029169,0.593447
0.987791,0.069491
0.906751,0.952122
0.049330,0.759553
0.435194,0.638751
0.415792,0.861645
0.098132,0.197981
0.780110,0.051541
0.394344,0.864779
0.430674,0.737148
0.642810,0.785257
0.916914,0.059757
0.787171,0.277899
0.601795,0.797037
0.903583,0.085825
0.507688,0.761367
0.811852,0.950901
0.822213,0.549561
0.593876,0.521415
0.549429,0.680426
0.949317,0.029466
0.327856,0.068006
0.061506,0.696727
0.517191,0.833069
0.436811,0.283211
0.692272,0.710750
0.374645,0.245034
0.062232,0.144460
0.641325,0.846301
0.663004,0.558998
0.369960,0.144526
0.261037,0.857652
0.635947,0.511285
0.743318,0.938131
0.103214,0.353230
0.649013,0.753646
0.977661,0.622880
0.174553,0.131822
0.847588,0.672672
0.932786,0.695803
0.501089,0.674157
0.683396,0.951198
0.856893,0.600640
0.523890,0.306705
0.582195,0.751534
0.552069,0.259652
0.400680,0.658615
0.513991,0.278130
0.889527,0.836765
0.104072,0.918861
0.795717,0.038870
0.063123,0.685475
0.793671,0.897809
0.713324,0.418069
0.974428,0.905530
0.621626,0.746090
0.294562,0.323236
0.368475,0.594833
0.007127,0.307860
0.218736,0.950175
0.402561,0.424701
0.835610,0.046228
0.884643,0.951066
0.269023,0.577938
0.001353,0.402132
0.231340,0.164357
0.557909,0.268462
0.399360,0.173893
0.288293,0.908632
0.296443,0.279549
0.690094,0.080776
0.002244,0.893057
0.383686,0.600838
0.608229,0.340758
0.003795,0.608394
0.648881,0.640401
0.955091,0.145384
0.315251,0.005180
0.906190,0.891045
0.953442,0.254636
0.033129,0.795981
0.664852,0.904243
0.685937,0.524748
0.291328,0.253613
0.815548,0.620042
0.454134,0.643767
0.654458,0.724279
0.908632,0.571900
0.370950,0.363558
0.430311,0.529994
0.580743,0.155976
0.303801,0.826965
0.948327,0.233287
0.158582,0.124068
0.116710,0.338976
0.956708,0.301920
0.591731,0.928628
0.182670,0.718769
0.235564,0.624134
0.280110,0.347489
0.897182,0.766152
0.413087,0.773807
0.635485,0.090444
0.664324,0.555897
0.595658,0.611067
0.854121,0.100079
0.049924,0.213060
0.536758,0.645153
0.782683,0.962648
0.834455,0.569953
0.687158,0.028707
0.500099,0.937504
0.514123,0.245397
0.912097,0.206890
0.963407,0.583878
0.737115,0.423678
0.042467,0.870323
0.261598,0.690589
0.731868,0.777470
0.145351,0.720418
0.854187,0.907906
0.061209,0.154689
0.466409,0.605623
0.753382,0.163664
0.824127,0.149277
0.921138,0.674883
0.509371,0.076025
0.099584,0.075794
0.028344,0.036065
0.846730,0.203062
0.786082,0.925559
0.415594,0.190952
0.064278,0.842737
0.991157,0.946083
0.482248,0.720979
0.461658,0.004356
0.940903,0.749159
0.889098,0.851053
0.030720,0.376229
0.252953,0.709298
0.253580,0.995347
0.360787,0.194120
0.692503,0.387547
0.414142,0.655910
0.816043,0.812776
0.538771,0.792945
0.126840,0.382103
0.688873,0.719494
0.793506,0.748994
0.685112,0.822675
0.150267,0.495512
0.694879,0.225335
0.820399,0.756352
0.283541,0.088233
0.483964,0.175642
0.755065,0.209397
0.111859,0.015179
0.127269,0.610638
0.762225,0.026298
0.336237,0.523197
0.494655,0.986900
0.583152,0.741272
0.715700,0.494655
0.380651,0.077773
0.089124,0.376592
0.239755,0.771728
0.996700,0.732924
0.430146,0.058800
0.552531,0.113311
0.479674,0.488847
0.021547,0.078928
0.684419,0.575233
0.031776,0.936778
0.433512,0.120537
0.128027,0.731736
0.892002,0.854517
0.527255,0.972151
0.157692,0.204415
0.964396,0.158219
0.906388,0.212862
0.987296,0.611100
0.822114,0.105755
0.576948,0.189203
0.654953,0.541939
0.993269,0.210420
0.843364,0.191117
0.210552,0.871115
0.003267,0.826800
0.558602,0.204910
0.517851,0.243351
0.549660,0.855045
0.988814,0.062925
0.081634,0.822741
0.958985,0.506863
0.981060,0.177622
0.755725,0.549924
0.224708,0.583845
0.423810,0.418003
0.469214,0.894179
0.232957,0.793803
0.834389,0.529664
0.675873,0.099221
0.570448,0.065499
0.543424,0.265393
0.922425,0.646110
0.729427,0.127203
0.727843,0.878143
0.457005,0.035604
0.145318,0.123606
0.848545,0.259520
0.096384,0.635914
0.481060,0.373556
0.258530,0.249588
0.207121,0.927671
0.416485,0.554181
0.216624,0.315944
0.041444,0.340593
0.086683,0.580017
0.822246,0.759685
0.599518,0.661453
0.514255,0.766218
0.934666,0.785158
0.822708,0.042731
0.678513,0.349469
0.021811,0.106646
0.729559,0.342440
0.750412,0.897842
0.316307,0.423744
0.086716,0.881674
0.827889,0.642876
0.564344,0.571042
0.499604,0.215997
0.429486,0.150234
0.439682,0.839471
0.183132,0.384214
0.314558,0.082690
0.787699,0.222200
0.692074,0.217185
0.340791,0.354550
0.273279,0.980664
0.729229,0.668646
0.693988,0.003399
0.668053,0.584571
0.233221,0.542863
0.879529,0.369333
0.394476,0.523164
0.453244,0.981225
0.502112,0.765129
0.858312,0.597868
0.766515,0.830001
0.069722,0.755428
0.922128,0.929354
0.678644,0.843628
0.044381,0.099287
0.588860,0.076849
0.691810,0.217680
0.295651,0.439682
0.554676,0.622814
0.846433,0.120471
0.735300,0.720385
0.732165,0.902231
0.196133,0.178546
0.537616,0.708837
0.929387,0.915891
0.919950,0.528113
0.306243,0.832508
0.365835,0.186729
0.555765,0.116281
0.032601,0.999637
0.574573,0.931928
0.248697,0.286280
0.525737,0.238534
0.898172,0.026430
0.582360,0.545899
0.580281,0.891474
0.224807,0.328417
0.440738,0.485844
0.363690,0.562496
0.189005,0.746123
0.318881,0.328912
0.526826,0.570976
0.084340,0.204646
0.421633,0.197948
0.096813,0.045866
0.554412,0.888636
0.801293,0.840362
0.016663,0.537451
0.849370,0.438593
0.237445,0.435524
0.601729,0.907741
0.892299,0.126312
0.578037,0.724906
0.841154,0.679733
0.832541,0.910315
0.359896,0.568996
0.540157,0.864152
0.363822,0.629314
0.211575,0.238501
0.178183,0.020755
0.468224,0.569755
0.063684,0.994688
0.889593,0.080611
0.115357,0.864680
0.725368,0.720121
0.033822,0.856827
0.783343,0.369399
0.947304,0.534515
0.983700,0.933512
0.207088,0.558701
0.410843,0.093447
0.251798,0.072329
0.056095,0.440177
0.591863,0.707946
0.205240,0.762654
0.094866,0.172210
0.221507,0.619184
0.876526,0.496205
0.881047,0.344519
0.654029,0.255362
0.835280,0.920841
0.828219,0.379397
0.620768,0.254108
0.147859,0.705174
0.282980,0.285917
0.388042,0.176104
0.352999,0.288854
0.360919,0.681218
0.715073,0.165677
0.273444,0.495479
0.757441,0.219659
0.518115,0.780209
0.594800,0.191447
0.707418,0.927869
0.964462,0.588233
0.917673,0.172804
0.916947,0.721342
0.792813,0.066785
0.566620,0.486735
0.888933,0.715733
0.002508,0.101993
0.428826,0.542236
0.326833,0.261499
0.886623,0.976440
0.607569,0.942223
0.890979,0.056952
0.352339,0.795519
0.248070,0.824787
0.418531,0.858741
0.566455,0.698575
0.860721,0.150861
0.178381,0.947304
0.502079,0.930971
0.852669,0.121692
0.801689,0.930377
0.084373,0.019534
0.427275,0.359764
0.061638,0.877351
0.539761,0.899426
0.296113,0.696166
0.633670,0.736587
0.353989,0.688775
0.530192,0.465320
0.659869,0.032469
0.833960,0.584472
0.602521,0.525836
0.027684,0.440903
0.733881,0.832805
0.489540,0.237808
0.708606,0.901604
0.167558,0.070712
0.651422,0.162080
0.389527,0.876889
0.606910,0.819970
0.778130,0.030126
0.055798,0.181515
0.541081,0.219593
0.521811,0.768858
0.226721,0.239161
0.768000,0.134264
0.323632,0.092622
0.339306,0.930476
0.019369,0.036560
0.312017,0.288194
0.353230,0.567709
0.400416,0.642810
0.468851,0.559691
0.170890,0.263710
0.221276,0.356662
0.837029,0.343859
0.127236,0.141853
0.756583,0.397941
0.371412,0.443609
0.509305,0.298159
0.088299,0.281627
0.098693,0.438329
0.876031,0.390121
0.796410,0.098561
0.181614,0.952023
0.055006,0.742526
0.405662,0.710321
0.365967,0.171253
0.578334,0.454596
0.891936,0.188016
0.515970,0.337623
0.228041,0.069227
0.993698,0.906718
0.916716,0.950406
0.753316,0.464429
0.812842,0.879265
0.991487,0.228569
0.538672,0.312512
0.109912,0.750379
0.794397,0.061011
0.837458,0.493566
0.200587,0.890517
0.299314,0.163829
0.180954,0.177655
0.942190,0.555600
0.109120,0.559988
0.658978,0.314789
0.681614,0.141952
0.552201,0.414967
0.423250,0.372039
0.373292,0.988550
0.830925,0.025012
0.083416,0.301854
0.263644,0.917277
0.081667,0.766482
0.964627,0.830562
0.945885,0.851911
0.741074,0.523791
0.719560,0.089025
0.040784,0.311852
0.973867,0.636871
0.525704,0.538144
0.892530,0.557777
0.617534,0.934567
0.594932,0.740315
0.729987,0.330067
0.823764,0.769617
0.859071,0.369696
0.896291,0.585594
0.260740,0.718802
0.585165,0.629809
0.059856,0.323632
0.235069,0.662938
0.195473,0.021580
0.424767,0.711641
0.632845,0.398271
0.212928,0.500363
0.409523,0.059592
0.026100,0.249522
0.463044,0.916320
0.177853,0.601894
0.411800,0.522372
0.415429,0.845014
0.036065,0.337656
0.166997,0.074903
0.555501,0.882861
0.987494,0.847192
0.855969,0.712235
0.365901,0.500429
0.567049,0.070943
0.962285,0.201808
0.545272,0.709892
0.238369,0.097472
0.759718,0.764733
0.907444,0.529763
0.167822,0.116248
0.696562,0.993962
0.108130,0.955784
0.489705,0.389494
0.736818,0.990761
0.991718,0.405266
0.578169,0.703524
0.863723,0.002145
0.691843,0.368904
0.301293,0.449383
0.519501,0.291328
0.831782,0.106844
0.230119,0.376493
0.349139,0.754702
0.700785,0.804494
0.830364,0.368442
0.987527,0.369927
0.861612,0.625322
0.330727,0.551805
0.552399,0.907345
0.457104,0.058206
0.162245,0.011153
0.743021,0.918267
0.052432,0.936745
0.965584,0.114862
0.109483,0.755593
0.721045,0.957731
0.294694,0.724345
0.391045,0.583251
0.866462,0.315845
0.160133,0.323566
0.381905,0.651587
0.303537,0.069293
0.903187,0.918069
0.439979,0.902693
0.233914,0.258002
0.998020,0.374843
0.655844,0.470930
0.145582,0.997294
0.893684,0.528971
0.815020,0.980070
0.363855,0.566488
0.217218,0.432819
0.143008,0.442355
0.453574,0.082492
0.558536,0.188148
0.506566,0.360325
0.620009,0.973834
0.018082,0.493863
0.091962,0.941596
0.725005,0.949152
0.971788,0.248763
0.170230,0.785785
0.108427,0.150564
0.540487,0.896225
0.420247,0.145648
0.859863,0.050584
0.031677,0.700191
0.416584,0.428958
0.233551,0.778361
0.935953,0.873655
0.042731,0.263776
0.306738,0.368013
0.450472,0.296146
0.028146,0.935458
0.812875,0.893552
0.997129,0.685970
0.503498,0.982941
0.095262,0.060219
0.289217,0.357355
0.454431,0.463044
0.705240,0.640896
0.592061,0.230515
0.239095,0.647364
0.883851,0.342869
0.133604,0.971623
0.845542,0.113608
0.582954,0.539926
0.681845,0.864251
0.591698,0.646341
0.177028,0.166931
0.270738,0.711146
0.294760,0.313139
0.402330,0.858213
0.796113,0.607767
0.130832,0.532568
0.371577,0.598660
0.537517,0.966211
0.912460,0.182868
0.025441,0.452287
0.350195,0.790768
0.881344,0.007523
0.704811,0.293968
0.518709,0.560879
0.696364,0.468026
0.074276,0.497855
0.700752,0.628291
0.824721,0.062562
0.022669,0.760311
0.876262,0.769287
0.835907,0.312941
0.935425,0.824160
0.952485,0.750907
0.869531,0.151818
0.684881,0.111859
0.110770,0.239128
0.941101,0.128588
0.922953,0.116479
0.819706,0.033657
0.165050,0.788788
0.222596,0.667030
0.062694,0.725335
0.720319,0.753514
0.170560,0.600178
0.164852,0.227249
0.188742,0.085495
0.273741,0.704613
0.808223,0.189434
0.201544,0.581667
0.462945,0.043424
0.160925,0.468653
0.517323,0.605689
0.459381,0.175015
0.551574,0.101564
0.316043,0.468455
0.041576,0.571636
0.109252,0.318155
0.681548,0.720847
0.540916,0.981687
0.493599,0.844585
0.402594,0.263875
0.841253,0.385039
0.849469,0.224576
0.254372,0.625817
0.496205,0.636937
0.848347,0.549495
0.062529,0.510064
0.692107,0.728140
0.346433,0.235894
0.238105,0.572428
0.714578,0.454365
0.188807,0.148287
0.285026,0.504620
0.737874,0.791724
0.172243,0.172111
0.452617,0.602158
0.394905,0.567775
0.526595,0.654161
0.044843,0.511978
0.667855,0.057282
0.199366,0.852273
0.090543,0.586221
0.482380,0.826635
0.484228,0.176533
0.800205,0.362634
0.830496,0.371082
0.010064,0.823962
0.720913,0.716855
0.272124,0.294958
0.531743,0.731142
0.925064,0.752359
0.180789,0.401538
0.913977,0.062199
0.284993,0.697882
0.732231,0.031677
0.207418,0.448261
0.467267,0.098363
0.900086,0.917970
0.909622,0.885666
0.540223,0.329572
0.375107,0.684485
0.141226,0.727546
0.148881,0.133736
0.457896,0.001815
0.297664,0.312149
0.898865,0.687950
0.700851,0.323434
0.841649,0.628885
0.917178,0.164720
0.832310,0.330892
0.320399,0.911503
0.786379,0.773312
0.466376,0.005312
0.747740,0.913746
0.859302,0.159209
0.935788,0.383125
0.014519,0.895433
0.482611,0.009437
0.523725,0.623144
0.553983,0.177226
0.727942,0.481819
0.473933,0.870125
0.039794,0.656537
0.804593,0.920610
0.580908,0.339669
0.332013,0.421105
0.772454,0.427638
0.085330,0.551343
0.590906,0.827889
0.041609,0.392200
0.114895,0.456114
0.646374,0.449086
0.526265,0.240249
0.988451,0.321553
0.019567,0.305385
0.345872,0.524517
0.142183,0.213885
0.312512,0.787039
0.437867,0.366231
0.872830,0.989705
0.249093,0.223652
0.593447,0.466904
0.476077,0.304890
0.406553,0.439385
0.518313,0.571735
0.628654,0.335181
0.496370,0.649277
0.876559,0.672045
0.886689,0.587969
0.618854,0.127401
0.820630,0.912196
0.323038,0.892497
0.237742,0.504356
0.652511,0.746321
0.575728,0.362964
0.446182,0.427836
0.294661,0.585396
0.385402,0.684749
0.901637,0.772949
0.174784,0.942916
0.887085,0.176137
0.686564,0.294529
0.398535,0.657362
0.147232,0.062463
0.175774,0.743285
0.056325,0.840857
0.631360,0.622583
0.959051,0.080743
0.992345,0.887382
0.685376,0.624695
0.195407,0.443971
0.413482,0.360589
0.703194,0.019204
0.242229,0.303009
0.419851,0.115885
0.792153,0.931532
0.453772,0.218175
0.592391,0.524814
0.295519,0.264964
0.532106,0.572329
0.987131,0.437339
0.793902,0.219857
0.752821,0.814261
0.728206,0.048307
0.519072,0.308586
0.758431,0.075002
0.687389,0.899888
0.539596,0.775622
0.267901,0.402594
0.809543,0.243813
0.427242,0.934501
0.055996,0.728965
0.574936,0.377780
0.310764,0.976044
0.138817,0.874117
0.737016,0.343232
0.025539,0.034020
0.367122,0.851218
0.775820,0.404606
0.660859,0.590015
0.003201,0.479278
0.547317,0.433116
0.588200,0.493434
0.578961,0.867815
0.999142,0.259256
0.847687,0.590510
0.949713,0.564410
0.395565,0.075266
0.639444,0.945291
0.341385,0.584769
0.374843,0.576915
0.096087,0.226193
0.430278,0.903913
0.575101,0.467993
0.338976,0.492180
0.962978,0.652148
0.663763,0.165776
0.499736,0.512506
0.452056,0.148089
0.298984,0.470567
0.124530,0.934864
0.293902,0.791394
0.255626,0.115357
0.710618,0.840725
0.511747,0.599881
0.505840,0.176170
0.495875,0.300205
0.791922,0.633505
0.414274,0.959282
0.838613,0.991091
0.398073,0.462021
0.068237,0.464957
0.668218,0.970072
0.261433,0.846895
0.703656,0.661156
0.321224,0.715139
0.927440,0.999868
0.587045,0.971656
0.381476,0.119283
0.230185,0.516069
0.360424,0.761037
0.630436,0.894146
0.801062,0.788128
0.977199,0.553521
0.095559,0.202435
0.339999,0.817726
0.137860,0.644229
0.573385,0.803735
0.045569,0.237907
0.791988,0.918630
0.425559,0.999175
0.768264,0.852471
0.368772,0.620273
0.057909,0.683495
0.902198,0.557282
0.270705,0.849436
0.289118,0.098132
0.437504,0.878242
0.810764,0.052630
0.636013,0.052036
0.754603,0.949911
0.032865,0.379298
0.619712,0.237082
0.967333,0.776744
0.408533,0.595559
0.856860,0.432720
0.518247,0.425328
0.617369,0.154062
0.566719,0.497789
0.905860,0.616941
0.897017,0.110275
0.384874,0.966739
0.811357,0.273675
0.737577,0.070580
0.121461,0.139378
0.769188,0.972316
0.526760,0.232792
0.073055,0.038936
0.491982,0.696826
0.126114,0.850096
0.564740,0.211641
0.567313,0.401109
0.007391,0.988451
0.263875,0.007985
0.121164,0.373424
0.718406,0.226886
0.843331,0.023065
0.204910,0.967036
0.038441,0.324754
0.573253,0.855903
0.022999,0.210486
0.932687,0.202468
0.484162,0.823401
0.788920,0.620372
0.900845,0.700521
0.039365,0.485712
0.731241,0.539794
0.038144,0.841550
0.522471,0.741767
0.339570,0.579786
0.064509,0.719956
0.030621,0.828450
0.236026,0.488682
0.359104,0.050551
0.404738,0.694516
0.207979,0.452815
0.563189,0.881575
0.302118,0.625850
0.660562,0.642612
0.952452,0.525638
0.863888,0.406850
0.720055,0.975945
0.125421,0.857091
0.446248,0.414802
0.305946,0.343661
0.315053,0.107800
0.872336,0.541081
0.164456,0.062859
0.121032,0.811390
0.695836,0.554577
0.984030,0.384049
0.263512,0.054313
0.059097,0.341484
0.105293,0.733254
0.004455,0.115555
0.761730,0.874777
0.251600,0.456741
0.022240,0.556919
0.802910,0.787006
0.293143,0.360556
0.125850,0.013529
0.519600,0.326866
0.848710,0.219099
0.124596,0.683726
0.305187,0.597010
0.185277,0.682439
0.681317,0.375668
0.501419,0.612816
0.739820,0.400878
0.505147,0.948723
0.377384,0.174982
0.530555,0.095889
0.721936,0.492312
0.447040,0.674850
0.441365,0.070349
0.470897,0.099650
0.520722,0.139279
0.040520,0.955289
0.928727,0.304362
0.807101,0.348578
0.009701,0.953442
0.658846,0.986570
0.659044,0.684518
0.692899,0.733221
0.481852,0.109879
0.393948,0.898634
0.362964,0.559955
0.064872,0.309114
0.092688,0.165809
0.849139,0.518181
0.197948,0.124233
0.847951,0.367353
0.994853,0.182637
0.114169,0.412559
0.522240,0.957764
0.300073,0.730020
0.310731,0.559394
0.133175,0.212631
0.772190,0.571372
0.040190,0.272751
0.872303,0.911701
0.158813,0.807365
0.156207,0.862206
0.710486,0.294463
0.489177,0.646011
0.646539,0.110176
0.554478,0.949713
0.812578,0.345245
0.946347,0.380222
0.820069,0.395994
0.227117,0.108757
0.835709,0.705669
0.901571,0.371049
0.163499,0.818287
0.957434,0.740711
0.715865,0.398172
0.408863,0.483337
0.913284,0.131162
0.166502,0.559163
0.470864,0.172903
0.515080,0.738369
0.075695,0.995248
0.943378,0.177094
0.312248,0.459117
0.392728,0.965551
0.154194,0.069359
0.366297,0.929420
0.634759,0.854979
0.540190,0.051574
0.369465,0.870455
0.176401,0.713291
0.163532,0.682043
0.963077,0.307563
0.680690,0.899096
0.394212,0.639411
0.408104,0.975153
0.783508,0.720880
0.975516,0.987362
0.807827,0.820729
0.133835,0.160661
0.885039,0.632845
0.336732,0.845773
0.579291,0.468191
0.055534,0.526232
0.495941,0.509008
0.803207,0.546525
0.343925,0.999307
0.809312,0.875173
0.387745,0.524847
0.302217,0.270639
0.677490,0.548472
0.846928,0.334125
0.819937,0.467663
0.204547,0.435425
0.976407,0.890715
0.960173,0.197882
0.184155,0.034515
0.489474,0.936349
0.697321,0.046756
0.237907,0.041840
0.680723,0.196232
0.399855,0.750775
0.372929,0.129116
0.768858,0.207286
0.470336,0.651983
0.424800,0.137399
0.638487,0.631789
0.177754,0.664159
0.394872,0.231571
0.520953,0.828978
0.080017,0.579489
0.682505,0.668877
0.704547,0.043127
0.473570,0.417574
0.977760,0.820399
0.191480,0.103907
0.742064,0.871412
0.888834,0.877879
0.985613,0.990233
0.534350,0.314459
0.370785,0.085198
0.402099,0.653534
0.756616,0.404144
0.377054,0.510559
0.474131,0.813271
0.073649,0.878077
0.593546,0.024253
0.493005,0.171319
0.301029,0.465947
0.474362,0.140302
0.113146,0.131195
0.347324,0.564839
0.390451,0.149046
0.764898,0.635155
0.793275,0.243021
0.645615,0.798291
0.396489,0.301491
0.797433,0.854847
0.356530,0.028872
0.964660,0.965881
0.951528,0.126114
0.705900,0.690853
0.704910,0.822873
0.535637,0.529565
0.590840,0.082195
0.030324,0.137069
0.185244,0.575035
0.675675,0.902726
0.536593,0.263677
0.754471,0.350987
0.010295,0.367716
0.760410,0.245067
0.025902,0.150135
0.429189,0.822444
0.388900,0.455784
0.499703,0.392332
0.446413,0.478816
0.334158,0.353659
0.139180,0.827427
0.799083,0.312743
0.638652,0.790108
0.205966,0.894047
0.219000,0.771101
0.447700,0.625091
0.554214,0.512077
0.767439,0.074309
0.227711,0.780703
0.937273,0.276579
0.268429,0.570019
0.899822,0.040058
0.864482,0.889791
0.821619,0.038969
0.492312,0.702501
0.182538,0.826239
0.212994,0.108427
0.420808,0.648914
0.955784,0.609615
0.433742,0.850393
0.167525,0.262720
0.645780,0.186399
0.424701,0.059526
0.621560,0.238171
0.283277,0.964034
0.438824,0.808322
0.036428,0.026760
0.229064,0.602653
0.168580,0.652907
0.826338,0.296311
0.299149,0.963836
0.152742,0.774269
0.118029,0.169900
0.182373,0.221903
0.184782,0.166106
0.596681,0.569260
0.029004,0.909556
0.959579,0.438461
0.082591,0.412823
0.122583,0.003135
0.961031,0.539167
0.330859,0.733716
0.574969,0.195011
0.316406,0.540784
0.103643,0.011780
0.722365,0.026067
0.520392,0.483469
0.984129,0.153864
0.280440,0.463737
0.953607,0.760081
0.061341,0.729559
0.488979,0.479938
0.612684,0.546624
0.765525,0.016300
0.900482,0.803603
0.977331,0.215205
0.118128,0.014024
0.199300,0.411998
0.079258,0.861282
0.552729,0.135551
0.513529,0.313964
0.810533,0.000066
0.596516,0.011351
0.000792,0.952320
0.135419,0.793605
0.155844,0.495611
0.648419,0.242361
0.876097,0.684782
0.807695,0.778625
0.111265,0.919059
0.025704,0.072923
0.395334,0.542335
0.599947,0.278526
0.587606,0.904870
0.477397,0.632581
0.632251,0.800370
0.111364,0.659044
0.042632,0.351911
0.289811,0.526628
0.555996,0.577113
0.072098,0.260245
0.328351,0.760773
0.146143,0.848743
0.989606,0.978981
0.217053,0.379199
0.114796,0.220055
0.629446,0.848314
0.631789,0.905200
0.032370,0.689335
0.535076,0.561803
0.494918,0.626939
0.628291,0.829902
0.434303,0.738402
0.263446,0.000891
0.047812,0.153237
0.175642,0.355903
0.033756,0.213324
0.772058,0.690556
0.017620,0.771794
0.012968,0.744275
0.217416,0.011087
0.176863,0.906916
0.242526,0.984459
0.470633,0.321290
0.475582,0.259982
0.321916,0.715370
0.045899,0.039563
0.848413,0.804659
0.073814,0.396819
0.621758,0.250643
0.317132,0.109252
0.227777,0.790801
0.948558,0.013199
0.198080,0.270112
0.870521,0.457665
0.854154,0.715832
0.055567,0.119019
0.501584,0.470666
0.768033,0.951891
0.329275,0.719824
0.304131,0.805748
0.004719,0.584109
0.806870,0.463407
0.970237,0.703326
0.905068,0.968125
0.761598,0.512044
0.229031,0.068633
0.162938,0.804560
0.861513,0.379793
0.313799,0.322213
0.657923,0.418894
0.501056,0.047383
0.677754,0.149673
0.892068,0.742988
0.538540,0.789778
0.087342,0.837293
0.935095,0.009635
0.896060,0.657197
0.221243,0.034086
0.831387,0.862568
0.162410,0.356893
0.771233,0.383587
0.876592,0.974889
0.892332,0.675477
0.583680,0.178183
0.805979,0.646407
0.817891,0.178282
0.854748,0.663433
0.157131,0.106712
0.868475,0.353791
0.504323,0.850129
0.236323,0.217317
0.409886,0.377252
0.088167,0.885237
0.076124,0.255791
0.016696,0.994622
0.855012,0.069260
0.202270,0.912394
0.587078,0.926549
0.387118,0.361216
0.195011,0.127038
0.345773,0.849766
0.125256,0.154887
0.418036,0.639675
0.481819,0.020524
0.388306,0.530027
0.398139,0.161651
0.079522,0.803108
0.597868,0.130073
0.232132,0.371874
0.693328,0.960173
0.555204,0.144295
0.936712,0.817924
0.172507,0.678282
0.497756,0.660595
0.113509,0.618656
0.409391,0.405398
0.003531,0.726226
0.603742,0.906751
0.236455,0.956081
0.432456,0.440573
0.947502,0.776051
0.017521,0.476374
0.996073,0.933709
0.322939,0.592754
0.220814,0.950340
0.758035,0.453079
0.619679,0.926978
0.961691,0.434996
0.443708,0.816934
0.871511,0.508018
0.023395,0.376262
0.000363,0.714974
0.062067,0.971491
0.613113,0.090906
0.838877,0.635353
0.443213,0.277074
0.786874,0.655151
0.551013,0.682241
0.220121,0.341616
0.639543,0.755956
0.358312,0.020128
0.269320,0.461922
0.052135,0.447931
0.914802,0.041609
0.426054,0.156504
0.852900,0.917772
0.841187,0.851614
0.838184,0.472712
0.324721,0.303735
0.525507,0.240744
0.858675,0.406685
0.828582,0.947568
0.682835,0.976374
0.760971,0.930872
0.121824,0.104666
0.831255,0.001914
0.139840,0.329176
0.911932,0.616380
0.935194,0.013793
0.912988,0.372270
0.115720,0.028245
0.787435,0.858048
0.646935,0.579390
0.622187,0.651851
0.390484,0.114697
0.770540,0.727216
0.758101,0.076981
0.630964,0.240381
0.891342,0.344255
0.414406,0.209958
0.861183,0.111661
0.257375,0.205075
0.009635,0.271728
0.647562,0.735762
0.729394,0.546888
0.722200,0.061704
0.492180,0.612750
0.159968,0.389527
0.353692,0.996436
0.479410,0.381410
0.976440,0.600310
0.965815,0.249951
0.148980,0.990101
0.474823,0.291757
0.192140,0.180624
0.854913,0.066356
0.185343,0.412955
0.692602,0.025836
0.431070,0.443741
0.710519,0.320861
0.494820,0.186201
0.611364,0.025474
0.539827,0.381311
0.307398,0.583284
0.563321,0.321520
0.324688,0.299710
0.519864,0.548373
0.893849,0.317099
0.843232,0.539233
0.187983,0.745067
0.143965,0.147298
0.617205,0.334356
0.538507,0.507391
0.081700,0.268429
0.970270,0.168218
0.910711,0.932489
0.726424,0.382762
0.214380,0.833003
0.657791,0.271860
0.478486,0.758464
0.818452,0.451462
0.950670,0.648881
0.559196,0.603940
0.619415,0.874249
0.916551,0.365934
0.725104,0.938626
0.988715,0.438362
0.064707,0.395796
0.064476,0.074705
0.024979,0.848809
0.271200,0.990332
0.373754,0.331486
0.909919,0.013628
0.591005,0.343892
0.058536,0.147529
0.009371,0.374084
0.602422,0.340395
0.010757,0.545964
0.839405,0.902825
0.533492,0.280703
0.224081,0.279417
0.316604,0.058074
0.137498,0.988484
0.511318,0.013661
0.432489,0.349568
0.953145,0.123672
0.982380,0.270870
0.981423,0.588200
0.817792,0.167129
0.837821,0.745199
0.262654,0.169999
0.912427,0.238930
0.019798,0.094536
0.385369,0.259619
0.895994,0.652940
0.209958,0.301986
0.901736,0.939979
0.191711,0.671055
0.781561,0.417706
0.642612,0.843100
0.883059,0.008480
0.998218,0.458556
0.689698,0.869069
0.934567,0.474922
0.805781,0.683990
0.784036,0.642414
0.065763,0.491586
0.245034,0.549990
0.899459,0.595196
0.802415,0.370290
0.208507,0.687752
0.653468,0.289382
0.739359,0.772025
0.426153,0.784003
0.869828,0.844123
0.735663,0.184419
0.794232,0.719033
0.809246,0.669537
0.376460,0.156636
0.372566,0.940474
0.706791,0.756187
0.857256,0.059856
0.585957,0.294925
0.195275,0.725467
0.390913,0.776216
0.843892,0.504752
0.300832,0.814426
0.440507,0.076684
0.324193,0.189302
0.435227,0.558965
0.421435,0.138850
0.062958,0.881509
0.765459,0.614499
0.889197,0.690325
0.047647,0.732066
0.147430,0.911272
0.209628,0.733584
0.845311,0.172309
0.543457,0.636211
0.928067,0.424635
0.694252,0.034878
0.713192,0.998779
0.951858,0.784366
0.762324,0.906553
0.353164,0.922029
0.389131,0.583713
0.539200,0.395301
0.200191,0.989606
0.231604,0.206626
0.603049,0.538474
0.117963,0.614532
0.171088,0.696001
0.255131,0.708210
0.625982,0.808058
0.039332,0.981390
0.725599,0.793506
0.073319,0.478585
0.537121,0.313931
0.844750,0.994424
0.447535,0.035208
0.526001,0.055501
0.943312,0.545800
0.300964,0.874447
0.463077,0.399987
0.183495,0.795486
0.376625,0.819112
0.400779,0.882598
0.530918,0.801788
0.784003,0.903088
0.060120,0.326107
0.280209,0.088563
0.914109,0.232396
0.307563,0.970864
0.591533,0.983106
0.148815,0.088596
0.446611,0.238072
0.368013,0.947007
0.928166,0.879892
0.711179,0.336402
0.607668,0.859269
0.907906,0.789382
0.246816,0.769188
0.204118,0.295915
0.903056,0.895730
0.417409,0.060516
0.374612,0.408434
0.056589,0.248334
0.676500,0.712004
0.677655,0.460701
0.875140,0.237940
0.644064,0.924305
0.131294,0.975318
0.450571,0.749258
0.045074,0.868079
0.707352,0.304659
0.953178,0.399657
0.988022,0.738732
0.946248,0.057645
0.803141,0.914703
0.332640,0.323797
0.879661,0.691315
0.417046,0.902330
0.312545,0.195572
0.443510,0.637267
0.837656,0.606250
0.234442,0.271497
0.088266,0.696034
0.093051,0.713885
0.911206,0.784201
0.811061,0.878176
0.686795,0.041279
0.438032,0.099749
0.901043,0.156306
0.073220,0.883719
0.520194,0.994754
0.950274,0.091962
0.491487,0.816967
0.041477,0.513694
0.092325,0.352405
0.787072,0.611760
0.584868,0.219264
0.009074,0.712103
0.551640,0.477727
0.327328,0.166370
0.971260,0.614664
0.079951,0.718703
0.671220,0.612783
0.774896,0.395202
0.502871,0.972580
0.988088,0.278196
0.957533,0.848116
0.732792,0.871148
0.303339,0.832475
0.869333,0.181053
0.651026,0.140137
0.321817,0.102818
0.028971,0.684122
0.953937,0.665116
0.117765,0.396159
0.137234,0.137135
0.466178,0.586386
0.713885,0.855012
0.070316,0.057249
0.023659,0.846598
0.045503,0.610077
0.780703,0.929849
0.495908,0.928760
0.797565,0.741470
0.379100,0.528707
0.823962,0.934666
0.892925,0.757342
0.685244,0.258497
0.172837,0.459975
0.554181,0.113080
0.761796,0.449119
0.262885,0.245925
0.951924,0.297697
0.773609,0.202171
0.282815,0.772322
0.359830,0.835082
0.528872,0.629413
0.434171,0.255527
0.240876,0.949218
0.188511,0.260114
0.234244,0.738072
0.054412,0.944169
0.304098,0.391804
0.999109,0.388009
0.842044,0.735366
0.984887,0.478783
0.410216,0.347984
0.144592,0.851284
0.724411,0.415957
0.870224,0.542302
0.803372,0.272850
0.372138,0.928727
0.633439,0.735795
0.314492,0.552564
0.776414,0.037847
0.762423,0.509536
0.370092,0.637333
0.283607,0.617600
0.495248,0.223784
0.684716,0.489606
0.082558,0.209463
0.116941,0.026529
0.996205,0.562925
0.345509,0.819904
0.080116,0.018775
0.699432,0.229229
0.599023,0.426021
0.429618,0.273246
0.462252,0.996832
0.042434,0.449515
0.255956,0.314030
0.767043,0.011417
0.160001,0.963671
0.359335,0.745892
0.444235,0.289184
0.961790,0.737973
0.460635,0.927143
0.765987,0.463374
0.979476,0.697651
0.484887,0.991982
0.913054,0.615258
0.127005,0.820861
0.717086,0.183363
0.617633,0.537418
0.611859,0.432918
0.624464,0.459381
0.779813,0.010922
0.343562,0.878539
0.747245,0.103709
0.774665,0.837359
0.463374,0.020986
0.234277,0.609483
0.060054,0.827691
0.268924,0.358147
0.984459,0.599254
0.336864,0.068336
0.601861,0.753481
0.914868,0.594503
0.437339,0.251105
0.782551,0.188709
0.811885,0.456807
0.827856,0.568270
0.558701,0.739293
0.534779,0.154128
0.444136,0.509140
0.944862,0.569227
0.566159,0.903880
0.809939,0.462318
0.494951,0.516036
0.633934,0.755362
0.399129,0.918003
0.248796,0.891342
0.542665,0.305715
0.792648,0.581271
0.538408,0.975351
0.064773,0.754933
0.075761,0.844222
0.954662,0.201445
0.241899,0.647463
0.363426,0.359896
0.143866,0.900053
0.600277,0.803999
0.644031,0.283310
0.125652,0.727777
0.485745,0.173464
0.059724,0.834851
0.212499,0.589685
0.336171,0.422524
0.483370,0.671682
0.653501,0.525539
0.745001,0.389824
0.390979,0.047482
0.855177,0.166700
0.230482,0.671418
0.411206,0.480136
0.313865,0.580677
0.669207,0.873193
0.430707,0.184320
0.648452,0.702006
0.881740,0.741107
0.772520,0.466277
0.096615,0.197057
0.520557,0.892662
0.012308,0.532733
0.104567,0.627038
0.880354,0.846928
0.535538,0.666832
0.573913,0.691282
0.135848,0.896654
0.229196,0.219428
0.191150,0.740480
0.685640,0.358444
0.240546,0.650333
0.132086,0.853659
0.585990,0.824589
0.200917,0.824688
0.355738,0.841715
0.829242,0.770145
0.795684,0.460503
0.057480,0.203887
0.828846,0.067412
0.727975,0.594569
0.479575,0.262456
0.004620,0.140995
0.789943,0.250379
0.075728,0.063849
0.949020,0.981654
0.277074,0.838910
0.378077,0.287732
0.649046,0.488253
0.983304,0.976803
0.139378,0.004620
0.832937,0.794562
0.427605,0.660199
0.118062,0.550551
0.188016,0.691678
0.149607,0.964759
0.582030,0.933182
0.523857,0.501947
0.576552,0.332013
0.587243,0.104435
0.415330,0.962219
0.019138,0.496172
0.272520,0.338844
0.599452,0.279219
0.502970,0.024022
0.004983,0.131591
0.852010,0.632944
0.688840,0.862799
0.787864,0.396621
0.720286,0.216591
0.164918,0.252392
0.200026,0.410051
0.203392,0.526430
0.778922,0.543061
0.191216,0.403385
0.696925,0.380024
0.170197,0.361942
0.102785,0.251897
0.575662,0.324919
0.434897,0.884280
0.365010,0.091203
0.414703,0.686432
0.911965,0.062364
0.940837,0.726259
0.877813,0.912427
0.101069,0.932225
0.282254,0.337359
0.263908,0.023824
0.126807,0.097538
0.683231,0.776084
0.828681,0.482050
0.699762,0.909853
0.655448,0.489540
0.077872,0.198113
0.315746,0.074243
0.990827,0.769353
0.425823,0.324292
0.813403,0.776447
0.087375,0.544480
0.940738,0.647430
0.860886,0.354220
0.206593,0.923909
0.326206,0.907213
0.779417,0.035505
0.275853,0.106580
0.169306,0.331090
0.950472,0.945555
0.525342,0.630172
0.830463,0.386062
0.004422,0.400515
0.756088,0.886293
0.286775,0.437405
0.036890,0.231208
0.308058,0.766548
0.676170,0.841912
0.621230,0.804197
0.226853,0.317363
0.790570,0.584637
0.182934,0.554214
0.280703,0.321619
0.998746,0.316736
0.779978,0.476803
0.371775,0.007457
0.571372,0.282617
0.701412,0.608592
0.937570,0.674454
0.319211,0.002244
0.583251,0.385930
0.732627,0.377813
0.275127,0.981720
0.045173,0.850261
0.724279,0.240018
0.847654,0.281825
0.944070,0.472382
0.430740,0.246981
0.654095,0.479311
0.846565,0.438791
0.757870,0.469577
0.591467,0.764601
0.137531,0.507061
0.516960,0.211674
0.397314,0.406784
0.938494,0.964594
0.477199,0.904804
0.598396,0.621230
0.322411,0.848083
0.130535,0.865472
0.320795,0.856332
0.854088,0.284267
0.044282,0.892365
0.571933,0.481654
0.797334,0.841748
0.339603,0.775820
0.070151,0.436646
0.995479,0.100673
0.221375,0.315218
0.853956,0.215733
0.021712,0.104831
0.712631,0.030291
0.855936,0.209892
0.360259,0.100310
0.602224,0.252788
0.976935,0.478156
0.050419,0.240150
0.621395,0.304527
0.255065,0.376955
0.614697,0.834158
0.109681,0.470501
0.754900,0.923513
0.083647,0.839108
0.303141,0.321784
0.835478,0.345113
0.862074,0.357520
0.409721,0.491421
0.059955,0.521613
0.251996,0.714479
0.089949,0.886359
0.380816,0.448756
0.117337,0.183495
0.063882,0.560120
0.923448,0.337491
0.904342,0.046525
0.637465,0.002112
0.002838,0.363228
0.485250,0.473240
0.975120,0.394542
0.740117,0.859071
0.555930,0.755329
0.060813,0.912328
0.398700,0.915198
0.175444,0.408929
0.999934,0.333465
0.983106,0.354154
0.105524,0.912559
0.043952,0.954926
0.515508,0.241932
0.149046,0.611001
0.486108,0.088728
0.121791,0.260773
0.825612,0.851581
0.175015,0.467036
0.926582,0.327592
0.440342,0.343958
0.295981,0.158879
0.611100,0.326371
0.494688,0.133967
0.588794,0.041543
0.680525,0.145153
0.366000,0.965485
0.583977,0.058008
0.856761,0.977133
0.501320,0.061374
0.722893,0.555996
0.610671,0.628093
0.421336,0.028509
0.046030,0.903451
0.870983,0.388537
0.933149,0.826173
0.563156,0.097076
0.296476,0.696628
0.695737,0.816043
0.967102,0.354781
0.369036,0.020359
0.103049,0.501650
0.620801,0.280934
0.153501,0.319145
0.247806,0.891111
0.373391,0.265987
0.847852,0.748268
0.977925,0.697816
0.219692,0.020326
0.566192,0.495974
0.815581,0.304791
0.459777,0.422359
0.619283,0.643305
0.893981,0.644823
0.865802,0.905893
0.047284,0.808520
0.085363,0.060813
0.596549,0.459513
0.006434,0.033624
0.100244,0.783112
0.141193,0.690886
0.143239,0.828549
0.493071,0.505708
0.312314,0.979014
0.404012,0.384874
0.083845,0.196199
0.336996,0.745100
0.624431,0.152973
0.774170,0.310500
0.378737,0.404177
0.761895,0.516234
0.279813,0.789415
0.846400,0.774863
0.729657,0.272058
0.767340,0.792516
0.210783,0.308322
0.042764,0.029598
0.312380,0.090708
0.415297,0.601300
0.013496,0.420214
0.307695,0.274401
0.614103,0.195440
0.008117,0.614565
0.388009,0.701676
0.347357,0.684353
0.396093,0.704844
0.729723,0.229163
0.778625,0.414670
0.140434,0.320960
0.013463,0.203227
0.302052,0.953937
0.649277,0.071669
0.022768,0.326668
0.893189,0.185046
0.730383,0.826866
0.891474,0.216261
0.436976,0.195638
0.720484,0.648617
0.198773,0.558536
0.989012,0.065070
0.115489,0.191612
0.747938,0.956246
0.893156,0.468950
0.724741,0.656768
0.926648,0.960338
0.451627,0.172672
0.225632,0.698641
0.581799,0.162212
0.484360,0.899591
0.822774,0.724543
0.689797,0.617304
0.951495,0.172705
0.700257,0.704316
0.740084,0.138355
0.550287,0.796377
0.095988,0.972349
0.413350,0.238468
0.680624,0.015080
0.382927,0.593612
0.478453,0.097868
0.812809,0.832838
0.985844,0.243483
0.573847,0.877747
0.124563,0.967531
0.299545,0.409886
0.220451,0.498053
0.695968,0.662344
0.006566,0.919455
0.122814,0.141028
0.000495,0.256055
0.084637,0.039992
0.472415,0.878440
0.780275,0.086683
0.422557,0.908929
0.254801,0.330628
0.569557,0.866099
0.391078,0.964166
0.872105,0.831024
0.124959,0.931367
0.367254,0.189797
0.798390,0.644097
0.520161,0.781033
0.944631,0.333333
0.526661,0.331453
0.056127,0.007952
0.597505,0.367749
0.170065,0.250742
0.080215,0.126279
0.716360,0.719231
0.493500,0.703590
0.385666,0.013496
0.946776,0.321191
0.893420,0.242955
0.769881,0.786940
0.645252,0.349205
0.334422,0.061242
0.184320,0.533294
0.517686,0.723520
0.521448,0.441365
0.164654,0.912262
0.154887,0.903847
0.484788,0.456642
0.896126,0.539893
0.232528,0.858576
0.761037,0.670197
0.133109,0.270145
0.760905,0.463341
0.110539,0.691975
0.901604,0.015805
0.169141,0.718472
0.922260,0.573055
0.701214,0.562199
0.903715,0.695044
0.530258,0.543622
0.671154,0.499868
0.763611,0.974493
0.573220,0.607371
0.017356,0.464462
0.967861,0.884940
0.498812,0.204712
0.294067,0.209298
0.283838,0.998185
0.534746,0.682208
0.438494,0.335940
0.980037,0.779813
0.580809,0.123342
0.315086,0.214116
0.877978,0.826767
0.129281,0.199234
0.106382,0.267208
0.190655,0.958259
0.601003,0.815152
0.768165,0.201544
0.351845,0.664489
0.163433,0.288326
0.946149,0.590411
0.786214,0.547383
0.438164,0.146836
0.923612,0.254900
0.932555,0.841385
0.461592,0.713390
0.929618,0.699069
0.959447,0.235993
0.060021,0.589454
0.263281,0.382795
0.019600,0.838679
0.351515,0.248004
0.107009,0.655250
0.297862,0.699267
0.932720,0.270046
0.489804,0.446314
0.753745,0.763545
0.886194,0.325447
0.534218,0.975087
0.348215,0.709529
0.542797,0.035043
0.815218,0.027123
0.397710,0.665083
0.006170,0.390484
0.055105,0.160991
0.422590,0.689599
0.260443,0.607206
0.534383,0.436085
0.376427,0.004191
0.366924,0.720781
0.741965,0.970336
0.871907,0.892299
0.091104,0.470303
0.578301,0.889461
0.886293,0.982248
0.551145,0.941068
0.242691,0.858345
0.498845,0.630469
0.299710,0.437141
0.248664,0.185805
0.520095,0.957401
0.933347,0.667591
0.597010,0.821817
0.085429,0.347951
0.607833,0.845608
0.936118,0.439814
0.070943,0.645516
0.130865,0.025045
0.377219,0.307530
0.502343,0.893420
0.897809,0.663268
0.520293,0.078334
0.967201,0.473075
0.385963,0.366165
0.997558,0.978354
0.576849,0.271365
0.638025,0.673332
0.098759,0.809312
0.887316,0.197024
0.726061,0.886986
0.152313,0.556589
0.044678,0.730251
0.639642,0.599122
0.375239,0.045635
0.163796,0.848908
0.008183,0.007325
0.399294,0.259916
0.277008,0.704019
0.366792,0.087276
0.719395,0.011054
0.012572,0.901241
0.149706,0.008282
0.598957,0.424503
0.418333,0.012176
0.532601,0.094173
0.071735,0.197189
0.266284,0.915363
0.533063,0.437306
0.150729,0.214182
0.773873,0.838118
0.327955,0.151521
0.078433,0.060780
0.411668,0.453838
0.392859,0.057480
0.176764,0.886326
0.225599,0.443081
0.576157,0.207352
0.519534,0.663334
0.837425,0.089685
0.194945,0.425361
0.334488,0.159737
0.195605,0.473933
0.447337,0.513727
0.492147,0.358081
0.154326,0.587903
0.388867,0.116050
0.494061,0.959909
0.481588,0.098891
0.348809,0.008744
0.644361,0.503960
0.182076,0.678216
0.134000,0.649244
0.913252,0.666370
0.160859,0.611826
0.506038,0.230614
0.529730,0.664390
0.580875,0.271299
0.326371,0.661981
0.807629,0.857025
0.099980,0.403451
0.096054,0.391375
0.424635,0.314228
0.610275,0.045470
0.353626,0.820531
0.468125,0.126609
0.046756,0.775985
0.995116,0.465023
0.159308,0.981423
0.240843,0.799182
0.182868,0.454728
0.269419,0.210717
0.069062,0.242196
0.809279,0.656405
0.382103,0.897908
0.337392,0.435095
0.692140,0.833960
0.352075,0.436448
0.202930,0.066620
0.699927,0.458358
0.683660,0.835016
0.902033,0.618062
0.242493,0.303240
0.464990,0.155613
0.510757,0.764535
0.336567,0.495710
0.551079,0.259388
0.231406,0.613212
0.569194,0.468983
0.329011,0.662443
0.258992,0.936481
0.286115,0.069458
0.924074,0.946446
0.011516,0.783409
0.969181,0.741965
0.724510,0.613839
0.887151,0.576816
0.697849,0.209167
0.328186,0.975483
0.117930,0.777635
0.165446,0.748796
0.290306,0.788623
0.640632,0.638652
0.544513,0.844618
0.108592,0.269551
0.568699,0.361183
0.244374,0.121362
0.786610,0.873622
0.505873,0.258101
0.501518,0.391870
0.756748,0.399360
0.399624,0.687653
0.333432,0.272355
0.015047,0.843595
0.572890,0.093612
0.960965,0.100706
0.319574,0.320894
0.645318,0.191876
0.345707,0.001617
0.113971,0.278097
0.488385,0.831090
0.511120,0.942718
0.398634,0.142084
0.164159,0.437669
0.070250,0.276612
0.012374,0.575695
0.115852,0.016201
0.810005,0.786577
0.506236,0.286775
0.563585,0.323665
0.369828,0.668613
0.238468,0.997756
0.776645,0.608427
0.801920,0.646077
0.123870,0.121527
0.181053,0.902000
0.959117,0.138817
0.003597,0.875833
0.615027,0.638355
0.166106,0.793539
0.403154,0.484261
0.937174,0.290075
0.251501,0.891210
0.005312,0.283013
0.908434,0.676698
0.337095,0.388174
0.641358,0.763743
0.668646,0.359500
0.334785,0.831947
0.246387,0.090246
0.130766,0.521844
0.360292,0.754207
0.607866,0.719363
0.941761,0.726292
0.035768,0.918102
0.116215,0.908368
0.872072,0.234145
0.119316,0.271629
0.402429,0.718736
0.813040,0.618458
0.025309,0.371346
0.327625,0.869366
0.022009,0.526001
0.763413,0.469280
0.539365,0.713522
0.228404,0.721771
0.055732,0.140566
0.529796,0.176599
0.592160,0.373985
0.256022,0.323368
0.778328,0.617534
0.089652,0.212433
0.330034,0.537319
0.433907,0.415891
0.195737,0.530951
0.469907,0.320564
0.351449,0.135122
0.095724,0.240183
0.368211,0.310203
0.962021,0.353098
0.500132,0.730944
0.519765,0.718307
0.876922,0.544678
0.948756,0.681482
0.231934,0.211080
0.659473,0.304626
0.766251,0.393981
0.024583,0.762588
0.203491,0.160859
0.795849,0.666898
0.085693,0.702633
0.652973,0.848941
0.654722,0.013001
0.953772,0.236059
0.089553,0.600805
0.313106,0.335082
0.539431,0.632251
0.239689,0.743615
0.985415,0.897611
0.500495,0.384016
0.581832,0.048637
0.490002,0.365340
0.787600,0.836468
0.675147,0.867782
0.446314,0.253580
0.317231,0.614367
0.244704,0.667624
0.843034,0.827493
0.154128,0.324094
0.355012,0.742394
0.705108,0.687620
0.569491,0.266680
0.379793,0.867452
0.942454,0.196826
0.154260,0.852933
0.377582,0.699729
0.564410,0.349502
0.510889,0.112321
0.359137,0.318584
0.410381,0.794628
0.172804,0.671550
0.548538,0.502838
0.796971,0.485250
0.277536,0.460338
0.457071,0.175510
0.156603,0.186696
0.778196,0.110605
0.067082,0.023461
0.470732,0.035109
0.492510,0.038474
0.216393,0.617369
0.001947,0.184056
0.332904,0.656603
0.924800,0.931961
0.135650,0.291955
0.195341,0.214677
0.402198,0.923250
0.773543,0.793704
0.271530,0.512638
0.430179,0.170791
0.558173,0.375140
0.444499,0.522009
0.006896,0.782584
0.179238,0.600079
0.648782,0.210222
0.938164,0.157065
0.420775,0.014222
0.950142,0.446050
0.468917,0.718142
0.182175,0.516300
0.150927,0.800766
0.807728,0.727150
0.116908,0.065631
0.990563,0.288095
0.380684,0.550683
0.094767,0.714380
0.204580,0.869333
0.982050,0.520326
0.924998,0.493137
0.169504,0.816736
0.984327,0.473966
0.314294,0.519402
0.742559,0.334224
0.973471,0.484690
0.457995,0.363855
0.314591,0.581073
0.793341,0.941299
0.656900,0.898073
0.326140,0.463473
0.768132,0.714677
0.346202,0.920412
0.198608,0.305616
0.960800,0.564245
0.291361,0.046888
0.821191,0.064542
0.418960,0.100805
0.639807,0.337920
0.403451,0.120306
0.987956,0.692008
0.934963,0.021481
0.873490,0.694615
0.361942,0.469841
0.889989,0.810005
0.183066,0.316208
0.303273,0.385996
0.858048,0.389164
0.721375,0.934006
0.351119,0.643833
0.039299,0.735630
0.719956,0.524187
0.108493,0.157131
0.551772,0.025572
0.349898,0.398337
0.830562,0.511714
0.021349,0.011879
0.650564,0.043094
0.242823,0.411899
0.521415,0.844255
0.159011,0.207121
0.190061,0.623606
0.499439,0.256682
0.401274,0.147826
0.615555,0.425163
0.256385,0.125685
0.840395,0.617073
0.702765,0.132977
0.168877,0.871313
0.877120,0.860853
0.982611,0.061770
0.020887,0.624101
0.571570,0.341814
0.735267,0.790009
0.726523,0.877021
0.231307,0.842671
0.552267,0.934732
0.434534,0.768693
0.302943,0.210783
0.801623,0.253547
0.073088,0.608691
0.497624,0.691480
0.090939,0.930707
0.550089,0.076289
0.062133,0.121197
0.624398,0.845245
0.768528,0.377384
0.413911,0.907939
0.776546,0.160364
0.784993,0.581766
0.229394,0.060450
0.225005,0.397083
0.474592,0.296047
0.152643,0.918432
0.101102,0.965122
0.287897,0.995611
0.228734,0.239524
0.112156,0.196694
0.178051,0.830232
0.445654,0.795156
0.204382,0.762357
0.948195,0.121131
0.136013,0.833894
0.257408,0.425097
0.015278,0.114334
0.612387,0.664786
0.714743,0.339405
0.217020,0.375701
0.109153,0.618491
0.664621,0.377021
0.646440,0.845509
0.537550,0.422788
0.918102,0.717086
0.990299,0.334686
0.335544,0.564146
0.376163,0.029862
0.321784,0.136112
0.023329,0.410447
0.989111,0.594536
0.132416,0.256781
0.642414,0.164852
0.849205,0.353593
0.209232,0.816076
0.777602,0.360457
0.965551,0.996535
0.103841,0.398436
0.756220,0.528740
0.309345,0.940342
0.896225,0.733485
0.249456,0.155283
0.655514,0.707781
0.089157,0.734277
0.245397,0.291493
0.961526,0.135221
0.415495,0.257210
0.047350,0.238633
0.096648,0.043457
0.526199,0.474329
0.977166,0.581832
0.089916,0.071801
0.375173,0.349370
0.152511,0.089619
0.078532,0.414010
0.428595,0.207451
0.287336,0.680360
0.132812,0.018115
0.710123,0.115720
0.427110,0.903154
0.033426,0.337458
0.715634,0.040850
0.369366,0.025968
0.159473,0.466442
0.269056,0.225434
0.006995,0.773378
0.196166,0.016663
0.543259,0.866033
0.894212,0.952815
0.905299,0.878737
0.801095,0.137761
0.982842,0.694219
0.060384,0.401736
0.325348,0.096252
0.632713,0.554742
0.190358,0.412427
0.550221,0.935062
0.084703,0.825447
0.483700,0.972250
0.709925,0.221441
0.393255,0.086650
0.244473,0.903253
0.803537,0.354484
0.400350,0.969313
0.457566,0.716360
0.241239,0.209826
0.250577,0.088959
0.847357,0.300502
0.893288,0.684584
0.747311,0.744572
0.785950,0.062166
0.393024,0.692206
0.204976,0.055534
0.049726,0.551475
0.502904,0.850591
0.993731,0.296773
0.922359,0.043259
0.718142,0.440276
0.798192,0.724972
0.486306,0.691084
0.155646,0.862601
0.614565,0.362568
0.087111,0.359731
0.895598,0.871676
0.142249,0.923283
0.323797,0.799380
0.367518,0.488781
0.843529,0.067577
0.238765,0.622946
0.827427,0.143173
0.485349,0.624959
0.992048,0.489375
0.634594,0.169735
0.511978,0.193526
0.545338,0.285389
0.249654,0.085297
0.689368,0.670560
0.878143,0.332574
0.157494,0.200917
0.930542,0.556655
0.117402,0.741602
0.075167,0.551409
0.853098,0.839240
0.875041,0.344486
0.627137,0.249687
0.236818,0.944697
0.494523,0.482611
0.560582,0.006302
0.856398,0.083977
0.439253,0.443543
0.109780,0.286808
0.771827,0.329341
0.978156,0.644757
0.259190,0.894542
0.319970,0.856233
0.713027,0.267241
0.923645,0.963935
0.938197,0.791295
0.426417,0.098330
0.914967,0.912295
0.454266,0.909523
0.677028,0.432786
0.767934,0.436679
0.312347,0.106349
0.409655,0.291361
0.048670,0.112519
0.322345,0.352636
0.119250,0.651488
0.391144,0.052267
0.883389,0.989639
0.054610,0.212301
0.337953,0.514618
0.788062,0.511318
0.754141,0.943807
0.953904,0.329374
0.112123,0.650432
0.172408,0.870686
0.480829,0.753019
0.219033,0.515047
0.453343,0.585099
0.519039,0.633670
0.752788,0.987659
0.722563,0.871808
0.554247,0.945984
0.773081,0.703953
0.192536,0.075926
0.922623,0.058767
0.763281,0.107635
0.516795,0.512704
0.369102,0.182142
0.114334,0.327427
0.550452,0.315581
0.124200,0.278163
0.237478,0.842440
0.607371,0.895004
0.857124,0.935689
0.563387,0.933281
0.335973,0.518973
0.449515,0.260443
0.864548,0.794826
0.832904,0.705603
0.421963,0.359698
0.153237,0.866000
0.202666,0.947139
0.654788,0.902594
0.965056,0.240975
0.019204,0.446413
0.283805,0.780572
0.529103,0.253877
0.473669,0.665446
0.994688,0.452914
0.085957,0.898601
0.698113,0.554280
0.373325,0.332970
0.836567,0.269023
0.048241,0.270376
0.248994,0.503069
0.576520,0.524979
0.581601,0.293341
0.450505,0.453046
0.033789,0.921303
0.777701,0.458853
0.982479,0.920148
0.998350,0.260212
0.712268,0.755098
0.793869,0.872599
0.747179,0.082162
0.763380,0.131393
0.533723,0.598891
0.263578,0.005906
0.070382,0.015871
0.034944,0.729822
0.975186,0.525342
0.751402,0.355771
0.485580,0.190622
0.031512,0.785983
0.388372,0.184617
0.409424,0.753085
0.009173,0.526397
0.568567,0.537385
0.221804,0.427242
0.927308,0.483238
0.564476,0.114136
0.522174,0.630733
0.288788,0.482545
0.381080,0.994984
0.162476,0.131690
0.782518,0.649970
0.806243,0.791229
0.863030,0.086979
0.573352,0.960008
0.039926,0.115918
0.827163,0.937207
0.440210,0.194318
0.273411,0.421600
0.751798,0.512770
0.553290,0.193493
0.609450,0.279714
0.212565,0.109153
0.347456,0.773774
0.413021,0.084769
0.624200,0.579753
0.734673,0.714281
0.624959,0.852306
0.864449,0.591896
0.815977,0.802778
0.527486,0.073319
0.197189,0.610440
0.718175,0.992279
0.803834,0.666337
0.451132,0.606151
0.140995,0.254471
0.109384,0.767604
0.704118,0.023494
0.400218,0.040784
0.434996,0.014618
0.381938,0.514156
0.309180,0.431862
0.868013,0.277767
0.425328,0.774335
0.728767,0.181251
0.614994,0.174190
0.160463,0.959711
0.438329,0.064839
0.951825,0.151884
0.756682,0.123210
0.388339,0.191414
0.403781,0.922194
0.044348,0.612090
0.583218,0.276018
0.726985,0.473537
0.310302,0.445621
0.059823,0.644361
0.229427,0.826437
0.230647,0.142480
0.439418,0.505774
0.137992,0.990365
0.595955,0.337161
0.904903,0.989804
0.733386,0.240678
0.404903,0.395334
0.236191,0.995281
0.387316,0.182769
0.228866,0.435260
0.134726,0.862337
0.037352,0.317165
0.387052,0.550584
0.183726,0.697354
0.416122,0.940903
0.154557,0.829968
0.428364,0.749753
0.247839,0.953211
0.379034,0.946842
0.812677,0.851515
0.963275,0.455685
0.714545,0.375305
0.183165,0.550386
0.320201,0.663301
0.752524,0.084010
0.677424,0.449218
0.835643,0.262951
0.890286,0.226127
0.233848,0.892563
0.986735,0.515706
0.726193,0.698608
0.174883,0.156537
0.904012,0.923448
0.581040,0.827757
0.354583,0.369498
0.631756,0.551541
0.026727,0.861942
0.570250,0.249060
0.509569,0.836864
0.133439,0.935887
0.817330,0.967333
0.758827,0.375833
0.755098,0.641193
0.117501,0.281594
0.092094,0.432654
0.747575,0.413977
0.831090,0.201775
0.111628,0.704217
0.087771,0.121329
0.008414,0.867947
0.438791,0.281957
0.030786,0.495083
0.264238,0.151554
0.183231,0.066455
0.331486,0.429981
0.682175,0.954299
0.648122,0.134099
0.825315,0.064245
0.124233,0.049726
0.243120,0.552630
0.572197,0.049198
0.842473,0.461823
0.058206,0.430905
0.952980,0.113179
0.954167,0.466145
0.157263,0.174355
0.891045,0.988088
0.363624,0.945588
0.177721,0.635848
0.389230,0.362206
0.556127,0.297301
0.094668,0.134066
0.187653,0.058569
0.087540,0.073583
0.968950,0.655844
0.685013,0.801425
0.133340,0.840659
0.800403,0.588530
0.864350,0.223883
0.799050,0.506632
0.633010,0.137893
0.241140,0.716921
0.233650,0.306309
0.952881,0.683429
0.937240,0.545931
0.262786,0.897149
0.934996,0.304560
0.879133,0.382631
0.326767,0.810302
0.875338,0.367287
0.677919,0.171286
0.920280,0.460272
0.362667,0.164159
0.014090,0.234409
0.409259,0.317033
0.980994,0.527882
0.744440,0.792780
0.295057,0.353725
0.453112,0.838778
0.479542,0.265030
0.999010,0.583680
0.825117,0.389626
0.090378,0.013430
0.454167,0.309840
0.660100,0.290669
0.873457,0.993368
0.356299,0.853626
0.925163,0.818914
0.197717,0.848545
0.808454,0.944928
0.241041,0.522339
0.216723,0.839339
0.058371,0.361513
0.981192,0.178117
0.778295,0.635056
0.084010,0.225995
0.365208,0.869861
0.448558,0.611133
0.700917,0.111430
0.852933,0.165347
0.846829,0.438725
0.803009,0.458226
0.310071,0.812314
0.020326,0.713489
0.475648,0.716096
0.333201,0.164423
0.975582,0.279813
0.819112,0.126180
0.063486,0.702204
0.855738,0.775160
0.326404,0.323137
0.813271,0.577806
0.064806,0.379430
0.081403,0.259784
0.919488,0.681317
0.227249,0.182703
0.858279,0.423909
0.760872,0.910051
0.104897,0.523593
0.936778,0.054973
0.183792,0.454992
0.427407,0.256121
0.084208,0.051343
0.399063,0.830727
0.237511,0.880288
0.613014,0.404507
0.821949,0.572989
0.548736,0.550848
0.830826,0.742757
0.066488,0.750049
0.369168,0.004257
0.125619,0.732132
0.480103,0.922623
0.094899,0.685871
0.227150,0.965914
0.841352,0.131789
0.866396,0.666997
0.148848,0.719659
0.452254,0.777371
0.332838,0.703392
0.913515,0.979476
0.205999,0.464330
0.224642,0.862239
0.412526,0.300139
0.539563,0.622154
0.262258,0.006962
0.844717,0.197486
0.441893,0.966442
0.561176,0.222596
0.957962,0.285290
0.806144,0.068270
0.846103,0.742130
0.678875,0.642216
0.083878,0.457533
0.342638,0.693130
0.589256,0.214446
0.759520,0.883521
0.873589,0.960701
0.378869,0.235102
0.784465,0.436217
0.139114,0.026892
0.787798,0.625355
0.709002,0.557480
0.235267,0.883488
0.229328,0.955025
0.213720,0.258959
0.544942,0.539431
0.181944,0.779120
0.111430,0.004158
0.053917,0.715106
0.219461,0.994193
0.526694,0.995512
0.061770,0.222497
0.562331,0.268264
0.155415,0.139840
0.575068,0.051739
0.333333,0.898832
0.998152,0.594008
0.678414,0.165974
0.004884,0.546558
0.835082,0.004950
0.794364,0.851317
0.831815,0.421633
0.235762,0.518445
0.313964,0.169636
0.686135,0.176500
0.325183,0.356959
0.604501,0.394938
0.366231,0.927176
0.623474,0.469049
0.610539,0.673794
0.398766,0.888768
0.186729,0.863063
0.929585,0.442025
0.953805,0.025737
0.095196,0.426714
0.277932,0.392431
0.524781,0.495842
0.734541,0.282089
0.602389,0.517785
0.005114,0.056127
0.874579,0.653633
0.548142,0.421171
0.729262,0.438989
0.699630,0.503630
0.632878,0.621461
0.218571,0.887811
0.374348,0.698476
0.011450,0.133835
0.957896,0.018841
0.794859,0.240579
0.916452,0.378308
0.708177,0.066818
0.094206,0.492411
0.108658,0.691876
0.579984,0.998812
0.174025,0.790042
0.757309,0.882696
0.495545,0.818815
0.735498,0.831519
0.766020,0.016465
0.985118,0.831980
0.449713,0.095922
0.898403,0.497987
0.621857,0.650993
0.334059,0.967168
0.122253,0.347456
0.904606,0.760476
0.682604,0.797664
0.721474,0.193658
0.368046,0.308091
0.933808,0.989903
0.676005,0.257705
0.593018,0.323764
0.402726,0.685640
0.863822,0.926186
0.708771,0.298786
0.195770,0.389461
0.475549,0.985085
0.316274,0.429123
0.081073,0.806738
0.863063,0.754372
0.578994,0.747740
0.004752,0.607009
0.812512,0.402033
0.935062,0.147331
0.890418,0.340032
0.256418,0.483535
0.846037,0.165215
0.667591,0.416023
0.154227,0.553653
0.371940,0.225137
0.599584,0.722299
0.525539,0.231373
0.864317,0.794925
0.793407,0.722629
0.668185,0.288128
0.255791,0.556358
0.738831,0.690523
0.335874,0.766119
0.432588,0.768132
0.970072,0.114301
0.876856,0.659110
0.937471,0.363261
0.302283,0.478915
0.688775,0.370686
0.776579,0.755857
0.790636,0.003102
0.194219,0.533492
0.210354,0.757573
0.969445,0.298225
0.769650,0.292978
0.605755,0.390616
0.580644,0.183693
0.286874,0.594173
0.053818,0.194351
0.202534,0.427275
0.632218,0.488913
0.105722,0.090279
0.077806,0.527519
0.304461,0.730350
0.061143,0.616149
0.455124,0.974098
0.823731,0.539266
0.853428,0.750742
0.931466,0.123441
0.275391,0.231142
0.090312,0.755197
0.442883,0.889626
0.730449,0.010592
0.902759,0.821784
0.366627,0.342275
0.691183,0.869465
0.188445,0.543028
0.222959,0.397710
0.124761,0.403880
0.333399,0.465155
0.009404,0.004092
0.608064,0.703755
0.975615,0.041873
0.824754,0.201907
0.028311,0.726919
0.841088,0.025902
0.821257,0.455091
0.430245,0.273147
0.569458,0.979806
0.374150,0.521085
0.977628,0.623672
0.168910,0.268033
0.882762,0.100112
0.947436,0.218736
0.006236,0.621296
0.066389,0.859434
0.352240,0.817759
0.231142,0.649904
0.524055,0.779879
0.610407,0.134693
0.376196,0.166403
0.327427,0.620339
0.988187,0.694846
0.974461,0.509569
0.627269,0.643008
0.259388,0.593744
0.353824,0.120570
0.501980,0.737412
0.835742,0.830661
0.907213,0.868937
0.128324,0.452221
0.942784,0.779417
0.210684,0.055237
0.025836,0.500396
0.417904,0.065268
0.459249,0.225665
0.529004,0.813106
0.456741,0.849700
0.100178,0.143536
0.129908,0.687389
0.213588,0.226952
0.522372,0.034416
0.322642,0.919323
0.170032,0.118326
0.074573,0.351482
0.751534,0.452848
0.508150,0.887250
0.890847,0.601993
0.329770,0.539398
0.388768,0.773444
0.477133,0.028014
0.587111,0.818320
0.392761,0.746387
0.159836,0.374315
0.331123,0.380123
0.620108,0.378968
0.035010,0.180327
0.986471,0.015278
0.681053,0.627664
0.456279,0.954761
0.021184,0.213555
0.622352,0.730284
0.418696,0.604798
0.594668,0.021778
0.684848,0.745694
0.105128,0.255131
0.976275,0.881113
0.937603,0.546393
0.324853,0.976605
0.548076,0.970600
0.717977,0.937702
0.769980,0.279450
0.662179,0.063750
0.228899,0.964627
0.140368,0.910480
0.002178,0.597373
0.372402,0.744869
0.678578,0.113245
0.033096,0.477496
0.659209,0.126642
0.721111,0.781660
0.305979,0.441167
0.320696,0.878209
0.837161,0.046954
0.149805,0.075893
0.615885,0.053092
0.312809,0.131492
0.488649,0.615918
0.556259,0.934369
0.117238,0.706263
0.046954,0.473207
0.028938,0.388867
0.948294,0.882927
0.152940,0.858543
0.151884,0.664522
0.971359,0.294001
0.096879,0.566554
0.565697,0.444169
0.730944,0.394641
0.987395,0.876097
0.839042,0.683759
0.471425,0.602686
0.611001,0.658582
0.477760,0.272454
0.694318,0.860622
0.724477,0.022042
0.881509,0.791097
0.733023,0.064278
0.342836,0.055402
0.623111,0.528773
0.548472,0.946017
0.785686,0.709628
0.347885,0.052069
0.486372,0.955586
0.166931,0.355441
0.544216,0.133868
0.057810,0.024517
0.885270,0.216723
0.376229,0.275094
0.333069,0.314624
0.953013,0.113575
0.959810,0.534251
0.122088,0.888108
0.876394,0.749555
0.858477,0.919158
0.794727,0.089949
0.893882,0.470765
0.848875,0.968917
0.152808,0.648254
0.129314,0.496106
0.112024,0.327493
0.155481,0.326932
0.586353,0.230449
0.262984,0.636013
0.968851,0.390583
0.668086,0.178018
0.238864,0.618029
0.844354,0.297565
0.379826,0.179469
0.948096,0.867749
0.119085,0.247905
0.362931,0.638223
0.059229,0.770837
0.127862,0.579687
0.863789,0.702930
0.703128,0.900020
0.230944,0.798324
0.490200,0.307167
0.821454,0.830991
0.464100,0.925691
0.358411,0.213654
0.286247,0.747311
0.946644,0.533228
0.870851,0.712169
0.910579,0.489078
0.703854,0.118656
0.355078,0.408236
0.716393,0.214281
0.499142,0.855144
0.350492,0.079951
0.932126,0.751171
0.388240,0.197222
0.386854,0.921039
0.149871,0.413449
0.627170,0.110968
0.242460,0.085891
0.459348,0.772718
0.545931,0.903187
0.351218,0.343133
0.056226,0.016993
0.614433,0.922788
0.064542,0.714248
0.036263,0.846631
0.200851,0.615753
0.344453,0.905992
0.899591,0.825546
0.824985,0.989276
0.067808,0.149871
0.594866,0.777041
0.718703,0.646638
0.894113,0.218010
0.888372,0.496436
0.906619,0.384247
0.026760,0.088365
0.575893,0.198344
0.474395,0.113971
0.118788,0.602356
0.312149,0.601828
0.375800,0.511021
0.259718,0.892728
0.410249,0.544084
0.150234,0.579324
0.689236,0.640500
0.855573,0.162410
0.298192,0.933644
0.989144,0.581403
0.138058,0.998053
0.607239,0.659506
0.834554,0.431367
0.704085,0.192635
0.394575,0.132152
0.470171,0.729427
0.396588,0.457236
0.814360,0.642051
0.251006,0.429156
0.920709,0.812413
0.436019,0.730515
0.556853,0.644526
0.218802,0.854814
0.413845,0.023197
0.765261,0.989738
0.855342,0.229328
0.258695,0.443048
0.235333,0.201676
0.240612,0.687191
0.143371,0.192899
0.515640,0.177556
0.171616,0.538573
0.345410,0.631558
0.063189,0.624431
0.804956,0.398568
0.642975,0.551442
0.945126,0.844915
0.611298,0.320630
0.528542,0.146473
0.377747,0.192470
0.592622,0.103775
0.335016,0.848710
0.285884,0.973306
0.884577,0.403056
0.257738,0.323269
0.071702,0.600508
0.260641,0.284003
0.568237,0.846961
0.165380,0.672507
0.279021,0.667426
0.710981,0.793440
0.573814,0.467234
0.118920,0.361645
0.334719,0.200818
0.235102,0.539629
0.201115,0.813172
0.389593,0.861051
0.618194,0.095823
0.707781,0.480961
0.026496,0.722563
0.530753,0.276777
0.755791,0.604072
0.235993,0.896951
0.353461,0.270507
0.439913,0.525770
0.222629,0.429552
0.068336,0.880519
0.685145,0.444235
0.155910,0.405992
0.659704,0.828384
0.805748,0.477331
0.778394,0.098264
0.100937,0.900944
0.259685,0.957236
0.404606,0.639213
0.185409,0.941101
0.703887,0.864020
0.360721,0.606613
0.681218,0.333927
0.484492,0.433611
0.845344,0.578565
0.549099,0.509965
0.892892,0.711113
0.679601,0.307464
0.208012,0.882070
0.568831,0.710981
0.266944,0.284762
0.645912,0.977496
0.447271,0.123804
0.480862,0.293572
0.224675,0.492774
0.418168,0.754306
0.504389,0.736389
0.247608,0.654722
0.339537,0.608460
0.058866,0.651752
0.065796,0.097670
0.250676,0.798786
0.864284,0.386623
0.787765,0.496997
0.703359,0.480730
0.270441,0.682835
0.243978,0.443774
0.718901,0.326536
0.927968,0.162344
0.677325,0.922293
0.818716,0.629116
0.995809,0.204448
0.277800,0.163895
0.502211,0.189005
0.875239,0.507886
0.660991,0.353560
0.025770,0.810401
0.406619,0.384313
0.529598,0.099716
0.558305,0.150630
0.467069,0.907576
0.866231,0.097934
0.120636,0.844189
0.628126,0.195770
0.406091,0.671319
0.439319,0.463110
0.121065,0.652247
0.701478,0.182802
0.948855,0.440936
0.248862,0.838481
0.553950,0.213951
0.722299,0.798390
0.509107,0.318518
0.054445,0.783277
0.309741,0.719264
0.963935,0.709265
0.827394,0.989672
0.479707,0.217977
0.027189,0.490761
0.649244,0.408104
0.017125,0.191579
0.928364,0.950571
0.745034,0.492807
0.396621,0.759982
0.820003,0.712532
0.215832,0.551508
0.906058,0.856266
0.930872,0.272916
0.173827,0.940078
0.723454,0.688082
0.706593,0.346136
0.823401,0.533459
0.797004,0.751897
0.283178,0.322081
0.421897,0.396192
0.141952,0.142810
0.273015,0.562529
0.684089,0.751798
0.975384,0.305055
0.785257,0.467762
0.274533,0.452452
0.943642,0.819145
0.357388,0.888273
0.111331,0.777932
0.036989,0.799875
0.324985,0.573913
0.570646,0.709760
0.577278,0.074771
0.711377,0.860160
0.641523,0.942619
0.696859,0.125058
0.158912,0.509239
0.173134,0.586254
0.604963,0.832310
0.445225,0.152676
0.131030,0.259421
0.405431,0.618887
0.326470,0.445126
0.824556,0.559229
0.994490,0.184254
0.052102,0.690655
0.909160,0.788821
0.461229,0.672705
0.867551,0.701478
0.346334,0.650300
0.221177,0.847984
0.820102,0.848446
0.232759,0.927902
0.800535,0.593909
0.886920,0.148947
0.658351,0.618128
0.574408,0.314591
0.220484,0.107899
0.701610,0.558107
0.971425,0.991322
0.108163,0.501749
0.495347,0.297961
0.701643,0.247575
0.977067,0.581469
0.072989,0.009371
0.480697,0.611793
0.196463,0.224939
0.594041,0.688247
0.577641,0.374513
0.773444,0.414175
0.254603,0.235828
0.535703,0.561077
0.602125,0.502079
0.960008,0.354715
0.155943,0.009008
0.665347,0.549363
0.770573,0.487362
0.763743,0.823566
0.595790,0.648749
0.876691,0.581238
0.909259,0.969676
0.478156,0.778790
0.762027,0.947436
0.302382,0.953673
0.705702,0.026265
0.671055,0.517521
0.746684,0.010724
0.678743,0.844486
0.061308,0.246849
0.483337,0.456609
0.647859,0.534218
0.780176,0.882433
0.405629,0.773411
0.360325,0.022339
0.613509,0.842176
0.906586,0.849601
0.021118,0.126510
0.611067,0.758959
0.489045,0.536593
0.623969,0.291031
0.695176,0.055765
0.871181,0.591203
0.967003,0.683594
0.352108,0.574309
0.208573,0.777866
0.664753,0.788524
0.669009,0.621626
0.396852,0.916188
0.859500,0.579192
0.969643,0.617798
0.803504,0.257837
0.394707,0.346466
0.492741,0.590213
0.255890,0.513331
0.755758,0.289976
0.230350,0.874183
0.388636,0.354583
0.454563,0.986339
0.727810,0.644790
0.451363,0.900218
0.180492,0.832376
0.863195,0.164027
0.601564,0.211707
0.864086,0.412460
0.753910,0.940738
0.914406,0.801590
0.358345,0.869036
0.274962,0.469247
0.016960,0.707847
0.900152,0.745628
0.920907,0.243780
0.469874,0.928826
0.345806,0.752821
0.130898,0.480994
0.382861,0.728239
0.467168,0.252920
0.883158,0.500858
0.015113,0.144724
0.584175,0.891705
0.890616,0.368145
0.290273,0.318848
0.634990,0.840032
0.579687,0.480697
0.123243,0.677160
0.073847,0.467630
0.627401,0.429750
0.281957,0.914571
0.213126,0.301095
0.443378,0.786742
0.815086,0.315152
0.375140,0.204382
0.146869,0.152544
0.113707,0.236719
0.443246,0.714314
0.792516,0.857982
0.515838,0.568039
0.205471,0.699564
0.134363,0.321125
0.975318,0.231604
0.773972,0.834653
0.344882,0.555633
0.972943,0.565664
0.367716,0.290932
0.877384,0.038738
0.027717,0.662773
0.739524,0.993236
0.454365,0.830925
0.693955,0.914340
0.662410,0.261367
0.268396,0.953739
0.894179,0.037616
0.899657,0.469808
0.836270,0.804329
0.997492,0.340065
0.565565,0.489210
0.708375,0.141358
0.128060,0.312809
0.897644,0.801458
0.492081,0.846334
0.143041,0.564674
0.459216,0.120669
0.523362,0.754438
0.491916,0.759091
0.114829,0.559295
0.635089,0.195605
0.596615,0.642942
0.017719,0.582393
0.029895,0.168284
0.111892,0.943840
0.132911,0.335049
0.727051,0.626576
0.321586,0.767472
0.989507,0.000792
0.200125,0.136211
0.220319,0.427473
0.673398,0.522966
0.147265,0.947172
0.181416,0.908269
0.021151,0.217119
0.616710,0.343199
0.453871,0.028344
0.609318,0.875074
0.189995,0.507820
0.488154,0.342209
0.471623,0.858114
0.644856,0.590741
0.266713,0.604138
0.606415,0.908302
0.693493,0.222794
0.583416,0.319343
0.760839,0.925163
0.099254,0.122847
0.971953,0.128984
0.198443,0.184584
0.932588,0.747410
0.467234,0.550254
0.894443,0.640599
0.944796,0.179436
0.554874,0.862074
0.880288,0.271761
0.524253,0.741437
0.644262,0.523032
0.165149,0.958523
0.239524,0.860556
0.957203,0.010691
0.676368,0.838811
0.655085,0.270705
0.015805,0.559823
0.702666,0.286412
0.151950,0.261235
0.982644,0.931037
0.026529,0.133043
0.536395,0.882663
0.720616,0.813139
0.221342,0.855375
0.848314,0.119679
0.056886,0.584175
0.727282,0.474757
0.361084,0.655613
0.743285,0.761697
0.097571,0.007622
0.684188,0.310995
0.992312,0.489309
0.679733,0.158384
0.230581,0.241239
0.428133,0.491817
0.208342,0.589718
0.625256,0.428199
0.915231,0.647826
0.499406,0.422326
0.395631,0.637630
0.650729,0.668679
0.271035,0.009074
0.345542,0.560714
0.085759,0.439649
0.664258,0.617139
0.584373,0.144328
0.924470,0.823599
0.079225,0.654425
0.547086,0.557381
0.548703,0.866462
0.825183,0.026562
0.101663,0.568600
0.383818,0.796047
0.630799,0.915594
0.863129,0.477034
0.590279,0.047185
0.934435,0.115621
0.783211,0.886128
0.924734,0.409028
0.124365,0.350492
0.265690,0.282584
0.431499,0.602917
0.783871,0.698311
0.037550,0.105458
0.420907,0.138124
0.972712,0.756649
0.328219,0.139312
0.123573,0.960965
0.130271,0.280506
0.275655,0.245364
0.135452,0.201214
0.161486,0.607734
0.613245,0.526892
0.861447,0.622517
0.302514,0.069392
0.728272,0.935095
0.530357,0.831123
0.688082,0.948393
0.658088,0.118227
0.529268,0.334455
0.501881,0.524418
0.818815,0.196859
0.012704,0.858609
0.172276,0.675873
0.458259,0.246288
0.359731,0.360127
0.511945,0.939781
0.539695,0.637003
0.284828,0.560846
0.704019,0.462351
0.383290,0.521712
0.540520,0.731505
0.425889,0.814789
0.824688,0.139114
0.017026,0.926912
0.911437,0.423645
0.850558,0.864647
0.440573,0.714446
0.335478,0.880684
0.364878,0.472613
0.392134,0.286709
0.052630,0.312314
0.999439,0.716327
0.898469,0.204151
0.633142,0.112816
0.263710,0.403715
0.092952,0.436778
0.894278,0.123375
0.916584,0.219791
0.730746,0.802910
0.953541,0.096021
0.050056,0.515014
0.559328,0.579423
0.641985,0.657527
0.775853,0.090840
0.666502,0.624002
0.968059,0.324787
0.532667,0.861579
0.083020,0.186630
0.195935,0.099254
0.503762,0.071174
0.140401,0.241536
0.007820,0.542896
0.337227,0.375008
0.663928,0.499307
0.527948,0.878011
0.276183,0.012902
0.225731,0.219033
0.598726,0.672375
0.378836,0.644724
0.778823,0.888867
0.174289,0.880090
0.802448,0.370455
0.214149,0.716129
0.618293,0.170098
0.724708,0.255956
0.921006,0.022966
0.486801,0.950010
0.240282,0.396324
0.086946,0.165512
0.867386,0.467102
0.318122,0.338943
0.397050,0.296245
0.893354,0.952485
0.758596,0.821982
0.715601,0.376328
0.363723,0.726325
0.194648,0.923777
0.283706,0.884511
0.512176,0.130931
0.579192,0.519435
0.038606,0.339900
0.601465,0.460833
0.847159,0.260641
0.859434,0.828879
0.958358,0.562463
0.873853,0.740447
0.424008,0.352768
0.503069,0.674190
0.021910,0.956873
0.746486,0.576783
0.644889,0.203491
0.272355,0.999340
0.571240,0.880849
0.678842,0.500990
0.078235,0.167426
0.377813,0.796278
0.603907,0.955322
0.264667,0.310038
0.256583,0.324721
0.874249,0.850228
0.491718,0.234343
0.080974,0.305682
0.846136,0.575596
0.684518,0.999208
0.048703,0.858147
0.327988,0.596417
0.084076,0.580281
0.376493,0.805088
0.378209,0.470600
0.671616,0.940540
0.842605,0.767538
0.080776,0.012143
0.812281,0.088497
0.895565,0.221045
0.136607,0.018544
0.358972,0.189500
0.382169,0.593018
0.348677,0.995743
0.621791,0.262225
0.322774,0.101267
0.192602,0.417376
0.933907,0.786346
0.692932,0.247047
0.487494,0.490662
0.358774,0.391078
0.348314,0.263149
0.559724,0.260180
0.709694,0.749423
0.353758,0.896456
0.490695,0.185376
0.906091,0.883620
0.936514,0.977727
0.138652,0.163532
0.708804,0.126576
0.201412,0.770310
0.440375,0.488880
0.301623,0.084604
0.575926,0.551376
0.480037,0.833564
0.083614,0.368343
0.297499,0.352900
0.870653,0.696892
0.876724,0.861447
0.914901,0.163928
0.442982,0.194681
0.747377,0.484030
0.797235,0.250346
0.322675,0.058173
0.175675,0.005477
0.039398,0.942124
0.736884,0.039926
0.002970,0.867089
0.507820,0.134396
0.834422,0.115324
0.681515,0.835049
0.535274,0.623738
0.528773,0.279384
0.417244,0.052399
0.346400,0.012308
0.232462,0.116875
0.749753,0.101762
0.203458,0.502508
0.790207,0.428496
0.120867,0.698905
0.667624,0.207616
0.159869,0.708738
0.336765,0.898865
0.584934,0.599683
0.020359,0.142117
0.481291,0.443345
0.298027,0.252755
0.960932,0.472481
0.313931,0.264007
0.680492,0.407741
0.360358,0.129149
0.619151,0.212961
0.871412,0.628126
0.006467,0.034185
0.105887,0.879595
0.106019,0.285323
0.128588,0.073946
0.987923,0.718274
0.929321,0.539002
0.908665,0.705339
0.376592,0.314294
0.395136,0.056820
0.566093,0.772817
0.798654,0.920214
0.565301,0.271563
0.663235,0.707385
0.409457,0.666172
0.014816,0.577773
0.533393,0.373754
0.207154,0.283640
0.422128,0.784531
0.181449,0.934930
0.026793,0.802745
0.581535,0.067643
0.439220,0.634297
0.104138,0.095460
0.807002,0.418531
0.992807,0.984986
0.764370,0.412097
0.702996,0.878308
0.208375,0.063981
0.630898,0.004323
0.880057,0.743483
0.484755,0.874909
0.890484,0.479443
0.267703,0.461493
0.775688,0.374150
0.638289,0.351746
0.143899,0.498251
0.605920,0.696397
0.608856,0.776315
0.111001,0.521778
0.980598,0.742856
0.676731,0.767076
0.717152,0.932720
0.628918,0.422491
0.541510,0.666007
0.595163,0.549396
0.769485,0.493038
0.577542,0.799710
0.756517,0.545536
0.360127,0.829044
0.579654,0.590840
0.117600,0.621164
0.109021,0.836732
0.642051,0.913186
0.787138,0.062727
0.596153,0.788689
0.938758,0.650003
0.522339,0.796905
0.317000,0.063123
0.205207,0.856794
0.089223,0.363723
0.256682,0.558371
0.891177,0.036692
0.386194,0.310896
0.037022,0.472283
0.330628,0.229954
0.535472,0.550881
0.562628,0.748433
0.206197,0.726193
0.258497,0.901076
0.201478,0.979938
0.451660,0.543787
0.231274,0.528245
0.546624,0.855210
0.469709,0.091302
0.317594,0.703458
0.306771,0.990827
0.456114,0.416617
0.993005,0.655811
0.798225,0.795750
0.491949,0.864515
0.120471,0.691744
0.599914,0.976110
0.581964,0.885468
0.512572,0.295519
0.646902,0.827625
0.616545,0.346796
0.425658,0.646968
0.785191,0.274764
0.263248,0.257870
0.013958,0.352141
0.386689,0.566356
0.121659,0.410117
0.803042,0.537781
0.315713,0.495347
0.985184,0.196958
0.460998,0.875635
0.828054,0.604303
0.592556,0.936679
0.323731,0.103511
0.356233,0.803306
0.913878,0.164126
0.268066,0.228734
0.837755,0.340890
0.251369,0.631096
0.982776,0.544975
0.049099,0.732561
0.395697,0.996403
0.662014,0.375734
0.200686,0.624167
0.316241,0.353164
0.075431,0.742295
0.898238,0.670593
0.593645,0.338250
0.509932,0.177061
0.195506,0.453442
0.430410,0.989408
0.597670,0.172573
0.198278,0.681614
0.904375,0.233782
0.643107,0.209199
0.967696,0.981159
0.470600,0.753778
0.469940,0.645582
0.357091,0.036395
0.060549,0.259817
0.353560,0.686993
0.456840,0.158846
0.117106,0.320696
0.024385,0.157824
0.169636,0.144757
0.006863,0.897380
0.173596,0.344288
0.683957,0.215634
0.952815,0.087804
0.925955,0.101861
0.333135,0.519534
0.964297,0.356926
0.889461,0.389263
0.092787,0.951033
0.866066,0.572263
0.092424,0.425988
0.803999,0.267571
0.479344,0.020656
0.965155,0.552729
0.036131,0.066225
0.178282,0.390253
0.485151,0.121263
0.958193,0.856596
0.845641,0.329671
0.599881,0.701511
0.576322,0.655976
0.547746,0.824127
0.661552,0.745232
0.121692,0.175675
0.808685,0.215073
0.280539,0.991355
0.970534,0.507424
0.955850,0.274104
0.445027,0.144361
0.097175,0.829275
0.616479,0.630568
0.414373,0.454167
0.855540,0.114235
0.292549,0.647760
0.024286,0.410975
0.152709,0.685343
0.112387,0.875107
0.217548,0.513496
0.199432,0.318353
0.101828,0.754900
0.412031,0.838547
0.454926,0.225302
0.789877,0.750676
0.064443,0.112090
0.019336,0.278856
0.306375,0.961625
0.388405,0.394014
0.415066,0.768264
0.974032,0.137003
0.553917,0.563684
0.716657,0.950439
0.544282,0.470105
0.069095,0.855408
0.814921,0.125355
0.346928,0.560318
0.322741,0.371544
0.186960,0.903418
0.969082,0.382861
0.707583,0.850030
0.992675,0.200290
0.741800,0.448822
0.843694,0.194846
0.266977,0.512407
0.651554,0.131063
0.412097,0.542137
0.466211,0.244473
0.719527,0.047977
0.035142,0.251831
0.009008,0.313568
0.540355,0.931994
0.397677,0.297631
0.000528,0.190820
0.090279,0.820036
0.437240,0.041477
0.765624,0.133802
0.917409,0.013166
0.871808,0.264436
0.074177,0.481522
0.683825,0.819046
0.930245,0.871247
0.066620,0.849502
0.391738,0.109483
0.984953,0.830529
0.421501,0.846235
0.074243,0.547647
0.695110,0.192239
0.859896,0.064047
0.037319,0.015673
0.381410,0.695770
0.218901,0.668481
0.430773,0.975054
0.659737,0.703854
0.811390,0.058899
0.743219,0.130337
0.086287,0.417277
0.754537,0.769320
0.021580,0.318617
0.690061,0.800304
0.996634,0.647694
0.418861,0.399624
0.622880,0.733056
0.508975,0.081502
0.031875,0.017884
0.450439,0.075992
0.022504,0.070118
0.848050,0.059922
0.011747,0.306276
0.008645,0.677754
0.478288,0.569788
0.784597,0.000330
0.161684,0.056754
0.647100,0.761466
0.650399,0.967927
0.214611,0.477991
0.697288,0.211773
0.232264,0.423810
0.715898,0.893024
0.414505,0.595163
0.878110,0.364614
0.151851,0.711608
0.965716,0.392596
0.132053,0.524220
0.580347,0.162806
0.236092,0.001716
0.370389,0.295123
0.334389,0.759520
0.178677,0.633076
0.552861,0.885501
0.536098,0.301194
0.669834,0.803768
0.537913,0.243582
0.980169,0.894773
0.603379,0.895961
0.174388,0.100244
0.819376,0.241437
0.108625,0.525869
0.574342,0.446578
0.209199,0.808949
0.771959,0.134594
0.000693,0.149376
0.118491,0.691909
0.261367,0.004455
0.692371,0.766185
0.391573,0.779483
0.956741,0.066587
0.597373,0.452683
0.147496,0.858873
0.220913,0.721276
0.774962,0.055435
0.514156,0.534449
0.917739,0.922161
0.928232,0.606415
0.722464,0.299875
0.537319,0.576750
0.878605,0.197816
0.236488,0.023164
0.438098,0.984063
0.912328,0.253184
0.002871,0.546261
0.490893,0.953904
0.939946,0.065994
0.725467,0.350525
0.050749,0.288260
0.677820,0.579060
0.903352,0.595097
0.468191,0.353263
0.058041,0.759322
0.924767,0.599023
0.130007,0.028608
0.230515,0.920478
0.416848,0.316967
0.278691,0.516531
0.654557,0.840494
0.925559,0.560153
0.265426,0.343166
0.386359,0.022669
0.065235,0.898931
0.154755,0.611034
0.462219,0.094404
0.036791,0.236917
0.291130,0.748367
0.781693,0.714842
0.665182,0.948789
0.742361,0.186333
0.939616,0.048175
0.669042,0.285884
0.402495,0.170428
0.824325,0.312710
0.954992,0.784432
0.298324,0.917904
0.011681,0.874315
0.997393,0.377285
0.548637,0.890913
0.813898,0.231934
0.172012,0.891408
0.413120,0.317066
0.641127,0.533558
0.629149,0.768924
0.581007,0.250511
0.348941,0.086551
0.666931,0.886227
0.041378,0.426054
0.075398,0.278922
0.892596,0.972976
0.628819,0.346301
0.524583,0.561836
0.700686,0.632614
0.813436,0.806045
0.093018,0.635188
0.905563,0.248697
0.846235,0.774434
0.701445,0.198278
0.943213,0.102620
0.284036,0.650069
0.568600,0.808256
0.227447,0.015409
0.892134,0.650366
0.549825,0.859335
0.016993,0.800733
0.905794,0.721474
0.885732,0.089487
0.455223,0.391309
0.840659,0.302877
0.747905,0.093183
0.887514,0.026925
0.759916,0.631030
0.941299,0.533624
0.956807,0.780275
0.608658,0.202798
0.077146,0.880156
0.191612,0.381806
0.764634,0.668415
0.748136,0.963704
0.927011,0.751567
0.513694,0.265327
0.838745,0.634759
0.420643,0.174916
0.927572,0.084538
0.609615,0.540025
0.240777,0.881278
0.171583,0.574771
0.339768,0.857322
0.098363,0.454530
0.819607,0.176665
0.148122,0.385336
0.328120,0.275655
0.106646,0.411107
0.235795,0.708045
0.319607,0.779681
0.650960,0.100640
0.310533,0.309543
0.099320,0.239590
0.983238,0.208045
0.128093,0.782518
0.903286,0.588728
0.456906,0.257936
0.128390,0.363492
0.954069,0.518643
0.140335,0.203689
0.996568,0.033360
0.407576,0.737709
0.693229,0.881740
0.538276,0.654227
0.042203,0.523329
0.216459,0.009569
0.013232,0.645846
0.262555,0.081799
0.895499,0.068963
0.125322,0.861315
0.429321,0.141226
0.411470,0.290108
0.359005,0.896885
0.387811,0.259157
0.313502,0.573484
0.607141,0.635980
0.817627,0.384907
0.809609,0.201874
0.438527,0.721243
0.985679,0.049759
0.545635,0.558305
0.300436,0.025342
0.372797,0.358609
0.746288,0.678710
0.611034,0.734376
0.483403,0.308520
0.659143,0.063651
0.709826,0.947601
0.376328,0.982050
0.349997,0.907015
0.847489,0.001452
0.915858,0.249720
0.606613,0.950373
0.727348,0.458754
0.372369,0.903121
0.672936,0.331782
0.068270,0.064707
0.673860,0.129182
0.226259,0.218637
0.689005,0.604270
0.816076,0.931004
0.544414,0.127368
0.091665,0.906520
0.674223,0.916353
0.288326,0.607569
0.302085,0.498515
0.654920,0.741800
0.987626,0.585462
0.878539,0.696100
0.225203,0.725236
0.508447,0.736488
0.941629,0.671748
0.013199,0.536890
0.256913,0.342110
0.930674,0.841088
0.139972,0.662311
0.934501,0.913779
0.794496,0.164885
0.854385,0.359269
0.095064,0.792219
0.255362,0.257243
0.665479,0.244308
0.793143,0.019600
0.623045,0.371115
0.537187,0.829638
0.856035,0.692998
0.377186,0.191744
0.496700,0.978948
0.932984,0.373523
0.534944,0.243912
0.472349,0.951528
0.768990,0.657395
0.492906,0.068138
0.284102,0.719428
0.579885,0.737643
0.157098,0.870389
0.862832,0.701940
0.539497,0.729756
0.250973,0.513991
0.915066,0.403484
0.471194,0.397050
0.571504,0.290372
0.723982,0.942289
0.796872,0.068303
0.260608,0.747806
0.562595,0.618359
0.200554,0.354319
0.293671,0.940936
0.216129,0.835643
0.956840,0.725896
0.614301,0.849997
0.041972,0.194615
0.176962,0.472679
0.259454,0.298060
0.365109,0.264601
0.431631,0.509899
0.806441,0.699762
0.896885,0.355177
0.362304,0.088464
0.952056,0.215370
0.796179,0.042401
0.142117,0.292714
0.301227,0.345212
0.508216,0.374546
0.902132,0.419851
0.259421,0.211971
0.359467,0.457863
0.466805,0.749885
0.821092,0.975912
0.402033,0.851416
0.745331,0.438659
0.447403,0.446875
0.503432,0.860028
0.083977,0.919917
0.359566,0.220484
0.483733,0.922095
0.715568,0.595064
0.358081,0.347588
0.229822,0.783178
0.298357,0.702237
0.017323,0.780835
0.962219,0.299281
0.533987,0.474592
0.308718,0.627236
0.789019,0.880981
0.917772,0.523692
0.933874,0.071999
0.687290,0.383422
0.522669,0.946512
0.373424,0.794760
0.853494,0.694252
0.942751,0.407411
0.205042,0.072395
0.061011,0.451528
0.432555,0.660232
0.964429,0.556226
0.912031,0.667822
0.952122,0.861546
0.807464,0.180954
0.071768,0.123111
0.271926,0.174388
0.497888,0.993764
0.136079,0.921732
0.268693,0.532634
0.944961,0.610011
0.583086,0.918498
0.704415,0.976473
0.451000,0.947898
0.118425,0.033096
0.250082,0.692305
0.762720,0.072560
0.420874,0.479905
0.967069,0.540949
0.363393,0.040157
0.138223,0.906817
0.635452,0.967432
0.658681,0.392859
0.630832,0.569623
0.868772,0.971986
0.555105,0.176038
0.919785,0.277503
0.278031,0.728932
0.541708,0.372105
0.629017,0.999901
0.558437,0.977331
0.489639,0.095427
0.725533,0.412856
0.062034,0.008810
0.607470,0.515310
0.874051,0.630502
0.457863,0.442817
0.292021,0.161948
0.934039,0.854187
0.715502,0.915396
0.346796,0.442982
0.300172,0.190325
0.327658,0.734904
0.027651,0.399327
0.728239,0.681977
0.524715,0.296212
0.723256,0.946809
0.672738,0.845839
0.034416,0.479542
0.884907,0.478519
0.314162,0.302580
0.719989,0.042104
0.114136,0.241635
0.516597,0.559922
0.335247,0.303438
0.325381,0.189665
0.638355,0.621395
0.155184,0.876460
0.535571,0.746189
0.579555,0.340263
0.100673,0.523263
0.214545,0.998251
0.686003,0.693559
0.302613,0.288227
0.745199,0.573385
0.424833,0.618953
0.644130,0.456477
0.142579,0.511516
0.380222,0.977859
0.015772,0.186234
0.697024,0.031149
0.187125,0.357454
0.997294,0.480070
0.531710,0.569326
0.919422,0.920907
0.215964,0.390748
0.928628,0.206395
0.790174,0.498746
0.115225,0.781528
0.702798,0.418465
0.174520,0.973636
0.841945,0.459810
0.967960,0.084703
0.515739,0.568402
0.188544,0.761994
0.239886,0.058701
0.019237,0.096285
0.289448,0.560417
0.493929,0.388570
0.459018,0.831848
0.489507,0.073220
0.702963,0.593414
0.202732,0.063816
0.666073,0.975978
0.894707,0.862766
0.989936,0.390946
0.273477,0.240447
0.763083,0.355606
0.482941,0.162245
0.580149,0.905266
0.202237,0.700686
0.581436,0.514090
0.422293,0.420511
0.209661,0.325480
0.850954,0.980763
0.508282,0.685673
0.913416,0.931862
0.189071,0.274929
0.330166,0.286247
0.456477,0.232858
0.055039,0.050287
0.411305,0.649112
0.330793,0.643668
0.563684,0.707253
0.386755,0.643470
0.132944,0.673200
0.732693,0.786610
0.286412,0.292450
0.974856,0.299809
0.694978,0.565400
0.837326,0.245529
0.178018,0.229592
0.440012,0.488451
0.239557,0.010823
0.962846,0.861513
0.641193,0.175279
0.640434,0.146968
0.510658,0.277602
0.319640,0.745958
0.656603,0.300535
0.275358,0.690259
0.084670,0.720715
0.478057,0.958985
0.745100,0.940012
0.407906,0.676731
0.749654,0.393849
0.186531,0.739886
0.895730,0.256286
0.164819,0.079720
0.183099,0.711443
0.308916,0.364218
0.822873,0.643503
0.706725,0.678875
0.845971,0.762753
0.656306,0.189236
0.224576,0.547614
0.401241,0.186564
0.609912,0.087903
0.291559,0.118887
0.855045,0.447964
0.207913,0.047284
0.551904,0.132647
0.372467,0.814558
0.689863,0.099386
0.962780,0.093876
0.629908,0.146110
0.710783,0.130040
0.539959,0.366198
0.329968,0.984030
0.422623,0.247509
0.266086,0.570118
0.499208,0.057084
0.361777,0.818221
0.861777,0.729361
0.358939,0.445885
0.376526,0.689764
0.383851,0.635584
0.636442,0.316802
0.827955,0.488154
0.575629,0.959777
0.429255,0.076190
0.400185,0.104171
0.429354,0.916815
0.417112,0.687026
0.323830,0.164522
0.373160,0.296839
0.808355,0.054610
0.224114,0.392563
0.322246,0.518544
0.102323,0.186663
0.496667,0.104930
0.927341,0.047317
0.570118,0.138322
0.486999,0.790702
0.274137,0.996205
0.875932,0.341682
0.779483,0.767307
0.287138,0.972448
0.098957,0.255494
0.921171,0.943543
0.515014,0.283970
0.064410,0.841286
0.013694,0.696364
0.341550,0.770639
0.403056,0.545635
0.920247,0.846070
0.357025,0.519270
0.049264,0.311522
0.423909,0.580116
0.486141,0.776711
0.127434,0.589883
0.790438,0.456576
0.160364,0.528542
0.421402,0.906289
0.057315,0.876625
0.800634,0.774566
0.903847,0.220979
0.552828,0.007193
0.530456,0.237214
0.705009,0.799446
0.552564,0.500132
0.485316,0.019864
0.986405,0.416518
0.669768,0.638784
0.526628,0.867320
0.050485,0.174124
0.632680,0.948360
0.184716,0.112552
0.585396,0.358312
0.099353,0.627631
0.988880,0.949086
0.092919,0.237412
0.888636,0.833498
0.951759,0.356992
0.745397,0.400614
0.458688,0.903319
0.433083,0.365835
0.054676,0.921600
0.349238,0.509932
0.717713,0.705438
0.724840,0.331321
0.943576,0.985283
0.346103,0.463176
0.181680,0.663598
0.066291,0.135089
0.335313,0.234508
0.336666,0.334059
0.568006,0.456312
0.125883,0.483139
0.525243,0.097109
0.813535,0.702303
0.109945,0.792186
0.800040,0.251567
0.802283,0.268165
0.185937,0.122814
0.794166,0.123309
0.797961,0.208441
0.446809,0.850624
0.401868,0.302448
0.717119,0.019402
0.623276,0.337062
0.576684,0.972778
0.609813,0.312248
0.274632,0.704976
0.960569,0.251864
0.251864,0.319244
0.067379,0.908137
0.521514,0.194417
0.175939,0.438626
0.084538,0.441200
0.455487,0.883884
0.885798,0.023098
0.466508,0.972712
0.770310,0.300898
0.718604,0.752689
0.877186,0.458292
0.993896,0.823665
0.950571,0.665776
0.542269,0.509668
0.724939,0.660034
0.960503,0.522174
0.240579,0.810962
0.137729,0.480796
0.550815,0.694186
0.186267,0.396060
0.850591,0.120108
0.446215,0.657956
0.300304,0.164621
0.350228,0.313865
0.886986,0.983073
0.669636,0.082921
0.504059,0.261928
0.191183,0.050188
0.691282,0.632086
0.205372,0.715238
0.117435,0.016861
0.080809,0.900086
0.817924,0.809675
0.860391,0.259454
0.121956,0.624563
0.853824,0.421270
0.999175,0.456015
0.853329,0.432060
0.914538,0.311819
0.380915,0.631195
0.134264,0.562001
0.958391,0.660991
0.879496,0.686762
0.388834,0.119118
0.488418,0.487692
0.516762,0.880321
0.363459,0.410183
0.149508,0.549132
0.565103,0.447634
0.629380,0.990563
0.620504,0.371214
0.102719,0.846664
0.564377,0.621428
0.505246,0.882136
0.394311,0.722332
0.425031,0.237049
0.677985,0.771068
0.931565,0.619415
0.292318,0.535933
0.984821,0.177523
0.398931,0.532898
0.214941,0.655415
0.753712,0.727645
0.880552,0.150762
0.569392,0.930278
0.362865,0.002508
0.047944,0.431334
0.198212,0.186960
0.893090,0.156009
0.713456,0.832640
0.996997,0.209430
0.480928,0.020854
0.235960,0.586781
0.347819,0.923118
0.475087,0.771002
0.237280,0.608064
0.573517,0.583647
0.068138,0.383950
0.651290,0.037286
0.366957,0.413054
0.747608,0.042863
0.836732,0.372171
0.076454,0.011219
0.073121,0.929618
0.503267,0.889032
0.055765,0.908467
0.535439,0.251171
0.556985,0.200059
0.241371,0.409094
0.273147,0.361843
0.706659,0.234871
0.834686,0.396489
0.726655,0.193889
0.253877,0.347819
0.411569,0.822906
0.375932,0.535241
0.282287,0.058338
0.269551,0.033855
0.091632,0.822840
0.668580,0.523890
0.323500,0.106052
0.316736,0.240282
0.160067,0.327229
0.370620,0.281528
0.373886,0.421303
0.932489,0.461691
0.450307,0.408203
0.999967,0.208606
0.988748,0.879001
0.070349,0.183165
0.029301,0.503366
0.010328,0.576058
0.766053,0.078631
0.990761,0.524154
0.414538,0.151455
0.883752,0.049429
0.116677,0.501551
0.951066,0.263908
0.626906,0.390715
0.197321,0.200719
0.740744,0.522603
0.663136,0.884742
0.392530,0.170659
0.120339,0.352438
0.577344,0.617435
0.722662,0.195407
0.571174,0.608889
0.667558,0.725533
0.148584,0.787567
0.407114,0.457038
0.614235,0.607998
0.030687,0.572296
0.247311,0.431664
0.288755,0.243714
0.375437,0.917475
0.197651,0.800535
0.797169,0.687422
0.311390,0.232627
0.246024,0.010559
0.068699,0.816109
0.747212,0.366132
0.769023,0.972679
0.498548,0.295222
0.248928,0.776546
0.565235,0.561506
0.651950,0.575860
0.479806,0.044579
0.044117,0.667294
0.543721,0.770738
0.973207,0.562661
0.412856,0.774500
0.595988,0.209628
0.910546,0.054907
0.698212,0.443642
0.390253,0.303834
0.731043,0.257771
0.004290,0.335115
0.733518,0.637926
0.427473,0.719758
0.095493,0.794397
0.328714,0.631822
0.208210,0.669834
0.602686,0.207715
0.055897,0.725764
0.558008,0.827295
0.416287,0.290042
0.182769,0.885534
0.252491,0.306870
0.174586,0.779912
0.853230,0.140368
0.897611,0.142546
0.486438,0.517125
0.178216,0.942652
0.473867,0.130733
0.028509,0.485382
0.874942,0.483040
0.610209,0.080083
0.342341,0.773873
0.538474,0.101795
0.076058,0.508183
0.005411,0.404639
0.925361,0.595691
0.231571,0.455421
0.597406,0.329902
0.153138,0.741239
0.185739,0.488979
0.760311,0.101630
0.008975,0.479806
0.534713,0.523923
0.432852,0.111727
0.015179,0.216426
0.595460,0.224015
0.820267,0.529334
0.260971,0.042467
0.624662,0.304065
0.813667,0.297499
0.132515,0.168119
0.659341,0.915462
0.743681,0.454332
0.165281,0.142612
0.262093,0.528476
0.816505,0.894938
0.617765,0.924338
0.634429,0.980994
0.483766,0.725401
0.721210,0.764865
0.322906,0.552465
0.215172,0.020821
0.793209,0.581106
0.634330,0.946974
0.466838,0.874216
0.826734,0.360259
0.366858,0.962483
0.730680,0.541576
0.942256,0.147990
0.120405,0.453541
0.588629,0.006401
0.652313,0.101003
0.541873,0.371973
0.657230,0.977199
0.382565,0.072725
0.416386,0.508282
0.199696,0.421666
0.146968,0.524121
0.130634,0.145780
0.337722,0.073286
0.748565,0.604765
0.000330,0.016102
0.056424,0.769551
0.648287,0.358345
0.853527,0.633307
0.948393,0.925229
0.169867,0.134198
0.046360,0.081271
0.927407,0.978189
0.581403,0.242988
0.416650,0.792615
0.244836,0.325348
0.865604,0.958061
0.013430,0.781099
0.296410,0.344684
0.684452,0.283739
0.037418,0.801557
0.398337,0.863360
0.113377,0.493104
0.386821,0.811061
0.144229,0.497822
0.662344,0.622616
0.257111,0.086419
0.964528,0.863525
0.928958,0.521481
0.846598,0.691777
0.763512,0.981786
0.556292,0.861612
0.122880,0.192305
0.011780,0.075398
0.014288,0.967993
0.443114,0.489342
0.769947,0.164060
0.656537,0.217383
0.264073,0.388603
0.155019,0.837524
0.507358,0.049363
0.755428,0.490200
0.173926,0.311621
0.740381,0.597142
0.601069,0.705141
0.779450,0.280242
0.281495,0.199960
0.134132,0.392068
0.935821,0.433413
0.020161,0.544513
0.447436,0.653105
0.509074,0.330364
0.048802,0.820696
0.344915,0.154986
0.978585,0.656702
0.332541,0.948987
0.862733,0.220385
0.522570,0.905068
0.356497,0.666634
0.959018,0.657230
0.986702,0.039761
0.720550,0.838712
0.210057,0.253679
0.918663,0.631393
0.086188,0.596054
0.737610,0.517851
0.127104,0.067478
0.734013,0.605920
0.512110,0.214743
0.567907,0.934600
0.108955,0.745991
0.630766,0.306210
0.857487,0.666403
0.625454,0.617501
0.949086,0.206758
0.288359,0.561176
0.307728,0.519105
0.619745,0.283145
0.972976,0.699399
0.373358,0.292747
0.842209,0.350888
0.013067,0.350690
0.234343,0.316637
0.071339,0.459777
0.198575,0.079027
0.955157,0.592259
0.326536,0.865208
0.835841,0.810929
0.924140,0.475120
0.022801,0.718043
0.898832,0.499274
0.695209,0.872336
0.876823,0.036758
0.931829,0.322246
0.337458,0.424569
0.703425,0.023527
0.281726,0.046459
0.173629,0.990794
0.689599,0.410942
0.917640,0.679667
0.911305,0.898964
0.827988,0.616710
0.581271,0.070547
0.394080,0.133703
0.385534,0.996172
0.924206,0.336006
0.034086,0.791163
0.828483,0.075629
0.665908,0.007688
0.866495,0.322345
0.165776,0.441596
0.346730,0.951990
0.288887,0.736851
0.398007,0.734178
0.056952,0.274467
0.738567,0.206791
0.290735,0.566851
0.713984,0.495248
0.087243,0.179931
0.918168,0.947205
0.001551,0.913944
0.265195,0.193262
0.346862,0.239985
0.311456,0.276150
0.257309,0.496238
0.998383,0.350195
0.717911,0.231505
0.758695,0.817627
0.732528,0.627203
0.258200,0.875305
0.150696,0.547548
0.768231,0.175213
0.363129,0.135617
0.093084,0.325315
0.916848,0.952386
0.775886,0.804956
0.672144,0.447898
0.932885,0.035933
0.518016,0.180360
0.577872,0.020953
0.812941,0.603808
0.008381,0.851548
0.433149,0.461361
0.065961,0.351449
0.278889,0.447172
0.688412,0.911107
0.714512,0.705207
0.177523,0.291592
0.355375,0.152247
0.767175,0.185640
0.182571,0.929024
0.218637,0.786874
0.385633,0.337854
0.941134,0.108955
0.928595,0.739722
0.784531,0.227909
0.150399,0.199003
0.717449,0.227480
0.679700,0.125223
0.224939,0.537616
0.463308,0.466970
0.222992,0.316241
0.130403,0.391672
0.298225,0.365307
0.994787,0.830793
0.102884,0.891639
0.592589,0.356794
0.329374,0.366561
0.321059,0.046426
0.899228,0.985118
0.762918,0.434798
0.454728,0.782881
0.756022,0.651158
0.275490,0.995545
0.107239,0.228173
0.337359,0.244407
0.686498,0.036626
0.387250,0.299545
0.217581,0.519996
0.205075,0.436382
0.066653,0.055270
0.397380,0.506071
0.949779,0.041411
0.406850,0.122451
0.569095,0.060879
0.312083,0.470864
0.364515,0.985943
0.330067,0.576684
0.439550,0.186465
0.160562,0.070877
0.455256,0.190457
0.846301,0.757606
0.712730,0.303900
0.872863,0.269122
0.254735,0.287402
0.558272,0.431499
0.461427,0.215337
0.901406,0.036725
0.135287,0.316571
0.133274,0.448426
0.789118,0.126741
0.934699,0.798687
0.828351,0.369597
0.643338,0.568567
0.007160,0.790372
0.224378,0.939451
0.367386,0.580248
0.820960,0.799413
0.379463,0.494457
0.886029,0.043721
0.506005,0.519732
0.524088,0.390979
0.616050,0.246123
0.341022,0.331749
0.312776,0.059031
0.483007,0.153039
0.591434,0.321850
0.131888,0.356464
0.552135,0.309807
0.411965,0.284993
0.443642,0.017191
0.860226,0.956840
0.093744,0.571108
0.029664,0.227348
0.072395,0.102521
0.379133,0.633043
0.829605,0.879826
0.857751,0.325051
0.670593,0.906982
0.667690,0.995809
0.171154,0.273576
0.266416,0.053554
0.555633,0.210948
0.010031,0.281924
0.715271,0.489408
0.307299,0.175411
0.546393,0.169669
0.430212,0.182175
0.563816,0.333102
0.409325,0.291724
0.992279,0.174949
0.674091,0.090213
0.265756,0.516168
0.442784,0.778064
0.713522,0.822576
0.008249,0.478486
0.410579,0.296905
0.206659,0.065961
0.337491,0.344849
0.709068,0.312116
0.246552,0.682274
0.158978,0.347291
0.184419,0.732099
0.534614,0.916947
0.415924,0.709727
0.120702,0.069095
0.639411,0.884016
0.335742,0.045800
0.410018,0.877285
0.110737,0.888075
0.935458,0.743879
0.958127,0.943015
0.834356,0.193163
0.670230,0.222959
0.605623,0.347720
0.558074,0.805880
0.427572,0.606811
0.112420,0.367980
0.223190,0.290471
0.164258,0.959315
0.087177,0.996766
0.906883,0.438164
0.071900,0.361744
0.294496,0.217845
0.357190,0.468059
0.077476,0.503531
0.248037,0.604435
0.412889,0.959381
0.601630,0.008084
0.875371,0.390451
0.683561,0.155316
0.885105,0.713456
0.348017,0.710420
0.508942,0.188280
0.026232,0.383026
0.485613,0.878407
0.037154,0.081007
0.353197,0.932786
0.394773,0.433841
0.504026,0.618293
0.185541,0.342968
0.726457,0.988649
0.220022,0.042038
0.622616,0.230284
0.463836,0.607635
0.313271,0.509866
0.567643,0.694087
0.063816,0.379034
0.912163,0.191678
0.974691,0.967597
0.666766,0.421237
0.013166,0.450340
0.251270,0.455916
0.965848,0.415033
0.154623,0.383389
0.439649,0.940837
0.177490,0.818617
0.349733,0.797466
0.802349,0.159605
0.197222,0.451231
0.723817,0.609153
0.768660,0.770936
0.436481,0.596714
0.635848,0.631360
0.726391,0.590378
0.208738,0.541708
0.692965,0.170692
0.493137,0.358114
0.323599,0.593579
0.333663,0.092193
0.054544,0.856695
0.326668,0.346697
0.858411,0.629941
0.783442,0.346334
0.964232,0.567511
0.878176,0.608757
0.163136,0.702831
0.895367,0.882993
0.102752,0.869894
0.570019,0.616809
0.470072,0.087573
0.379661,0.062133
0.919884,0.686531
0.294958,0.079390
0.436184,0.654689
0.585066,0.602785
0.042929,0.675609
0.340593,0.200884
0.239425,0.550980
0.940276,0.765459
0.781891,0.654623
0.699036,0.591434
0.531314,0.723322
0.851713,0.407312
0.638058,0.055369
0.104402,0.523098
0.852141,0.969874
0.711410,0.812842
0.647166,0.804296
0.661684,0.334389
0.144262,0.513067
0.667987,0.244572
0.221936,0.065004
0.949878,0.180261
0.423777,0.003927
0.463572,0.675378
0.268132,0.161156
0.849040,0.717977
0.181020,0.487923
0.953475,0.920049
0.038771,0.243186
0.629677,0.826668
0.671286,0.182208
0.786181,0.338778
0.432522,0.267868
0.958787,0.071735
0.947205,0.338019
0.966772,0.137333
0.312611,0.620438
0.454794,0.711872
0.767307,0.437999
0.205141,0.333366
0.077938,0.337128
0.327031,0.984129
0.920478,0.264535
0.396522,0.498548
0.803075,0.747476
0.321356,0.561605
0.950010,0.592886
0.446347,0.973042
0.322873,0.357652
0.209529,0.514123
0.828384,0.426186
0.648980,0.301623
0.972019,0.877549
0.209727,0.933479
0.862239,0.553026
0.437933,0.117304
0.884115,0.175543
0.178743,0.192371
0.564146,0.086748
0.465749,0.920280
0.640533,0.282914
0.527585,0.659671
0.214116,0.459744
0.612651,0.073352
0.759883,0.616116
0.935656,0.968422
0.991982,0.563123
0.623309,0.853956
0.582327,0.875668
0.574639,0.609978
0.259982,0.912823
0.455388,0.000297
0.868871,0.051079
0.572032,0.785323
0.814261,0.071108
0.234079,0.230185
0.026199,0.590609
0.479971,0.581436
0.072329,0.003696
0.367848,0.635650
0.899954,0.328153
0.887052,0.440441
0.680921,0.753349
0.433709,0.571801
0.161882,0.346532
0.680954,0.601564
0.439352,0.465617
0.126708,0.083548
0.666304,0.369762
0.934204,0.596944
0.743714,0.671088
0.170923,0.423382
0.226919,0.819244
0.801854,0.905299
0.112585,0.706362
0.251402,0.490233
0.988418,0.317297
0.013925,0.573286
0.381047,0.601927
0.156834,0.528047
0.817693,0.821158
0.820894,0.234442
0.368178,0.322708
0.956378,0.504026
0.535307,0.689566
0.534416,0.601531
0.382070,0.459942
0.331749,0.107404
0.727315,0.472976
0.366726,0.349139
0.708111,0.049891
0.082921,0.581007
0.179007,0.929948
0.609285,0.945786
0.184353,0.669900
0.523329,0.219066
0.486273,0.678051
0.150003,0.620867
0.649739,0.785653
0.101762,0.127862
0.400746,0.991652
0.525276,0.558503
0.819178,0.059394
0.074771,0.215469
0.785389,0.059427
0.297103,0.221144
0.802943,0.035571
0.298786,0.117930
0.090675,0.283376
0.504950,0.739128
0.343529,0.125751
0.741602,0.628423
0.809840,0.085264
0.478024,0.664885
0.739458,0.356431
0.443081,0.304131
0.764304,0.308850
0.691711,0.120405
0.278724,0.709035
0.660199,0.949944
0.890385,0.384973
0.250775,0.213225
0.881212,0.673530
0.682241,0.843364
0.659407,0.053884
0.754966,0.267703
0.094932,0.043358
0.232792,0.457302
0.806177,0.653402
0.851746,0.381443
0.643701,0.605986
0.069227,0.226094
0.837491,0.886887
0.206230,0.539563
0.264139,0.801821
0.166304,0.908764
0.437009,0.302250
0.726127,0.985382
0.163598,0.480202
0.974362,0.592028
0.610341,0.825480
0.364911,0.977925
0.397776,0.197585
0.017455,0.983469
0.984788,0.151026
0.393288,0.975681
0.250115,0.811687
0.768363,0.605656
0.385699,0.169339
0.952419,0.125421
0.858246,0.571669
0.755230,0.323830
0.140071,0.696991
0.951429,0.878473
0.688972,0.092358
0.810434,0.885072
0.579588,0.227414
0.106316,0.113872
0.179370,0.585330
0.671352,0.673398
0.797466,0.820663
0.362173,0.149310
0.929486,0.680558
0.936877,0.052168
0.200719,0.972613
0.321883,0.283871
0.040256,0.824259
0.883587,0.767934
0.088464,0.080248
0.126906,0.802250
0.700158,0.982545
0.723157,0.992147
0.655811,0.643635
0.139939,0.701577
0.928859,0.667327
0.829671,0.776414
0.869036,0.538804
0.600244,0.671286
0.638388,0.457434
0.160826,0.676104
0.500396,0.286016
0.564905,0.193130
0.595526,0.217284
0.831552,0.371577
0.190622,0.909094
0.595361,0.359005
0.803339,0.746816
0.366495,0.448096
0.668613,0.069986
0.329143,0.037220
0.281561,0.401703
0.145417,0.090576
0.865472,0.578598
0.990893,0.515640
0.437108,0.687257
0.743054,0.204250
0.058074,0.129842
0.930410,0.332145
0.094833,0.127137
0.215865,0.866792
0.911701,0.083317
0.895697,0.330034
0.159176,0.763941
0.218274,0.393552
0.323566,0.688807
0.328021,0.470996
0.089718,0.008612
0.341319,0.481258
0.363558,0.773642
0.166436,0.062067
0.459579,0.675180
0.585429,0.127104
0.104996,0.861117
0.953706,0.107173
0.078268,0.433248
0.383455,0.516135
0.568732,0.772388
0.250016,0.846433
0.751435,0.581700
0.491223,0.049099
0.996370,0.444796
0.373721,0.502475
0.904276,0.422821
0.626180,0.722761
0.073187,0.310830
0.514552,0.460932
0.985448,0.277668
0.506137,0.757309
0.546657,0.252821
0.475351,0.483832
0.282419,0.216294
0.292120,0.201313
0.950967,0.624761
0.609978,0.455322
0.302844,0.312875
0.784696,0.812809
0.178611,0.798621
0.541576,0.358246
0.606448,0.616281
0.699135,0.996799
0.548241,0.443840
0.746189,0.337887
0.594107,0.114631
0.588926,0.715865
0.703095,0.124695
0.225302,0.446809
0.525375,0.848677
0.836105,0.967630
0.969280,0.426912
0.741437,0.426483
0.781627,0.352702
0.653897,0.662839
0.812710,0.004554
0.968917,0.783211
0.679370,0.707913
0.168514,0.756979
0.815053,0.196067
0.369498,0.722398
0.182043,0.248400
0.128357,0.723355
0.948426,0.412988
0.175510,0.031512
0.011186,0.419884
0.912757,0.217647
0.076223,0.434006
0.033624,0.646671
0.749489,0.223685
0.158318,0.472580
0.071570,0.281033
0.238072,0.336171
0.708936,0.819541
0.223982,0.956378
0.299677,0.491652
0.243021,0.561341
0.555270,0.547482
0.947997,0.163862
0.102158,0.183330
0.468455,0.531743
0.103181,0.456774
0.643371,0.562595
0.012803,0.763149
0.189203,0.257342
0.352735,0.261334
0.315779,0.948063
0.996469,0.061473
0.390649,0.573022
0.798753,0.556523
0.582228,0.718901
0.557711,0.646836
0.365505,0.252062
0.499340,0.353296
0.384346,0.764997
0.721078,0.575167
0.300337,0.925427
0.355870,0.168251
0.851812,0.938164
0.654986,0.358906
0.998911,0.729789
0.808190,0.519666
0.195902,0.379628
0.498119,0.293836
0.175576,0.538177
0.022471,0.563453
0.842407,0.910711
0.046921,0.637102
0.023296,0.577872
0.983469,0.390781
0.167591,0.212070
0.657065,0.474889
0.354352,0.678315
0.592259,0.666271
0.272949,0.594800
0.672804,0.302184
0.045701,0.974032
0.814558,0.527915
0.284861,0.798456
0.709661,0.329869
0.348116,0.735564
0.525869,0.512836
0.920742,0.204844
0.441662,0.232000
0.521679,0.902759
0.204151,0.269353
0.908698,0.327130
0.382235,0.264502
0.359962,0.492873
0.551442,0.771332
0.293473,0.664819
0.182274,0.345080
0.167855,0.351845
0.702204,0.515278
0.072956,0.624827
0.475054,0.466673
0.231637,0.265162
0.608691,0.606382
0.082789,0.294199
0.156438,0.600607
0.749984,0.301029
0.242955,0.775391
0.543985,0.362865
0.018313,0.410810
0.131459,0.656966
0.478783,0.994391
0.869234,0.029532
0.634099,0.079357
0.427341,0.649013
0.072923,0.626642
0.469412,0.778823
0.266812,0.953112
0.623342,0.929816
0.587969,0.923085
0.539464,0.765327
0.245331,0.631921
0.950241,0.686861
0.485844,0.136145
0.076651,0.416122
0.106976,0.570679
0.292219,0.153567
0.967894,0.412658
0.504455,0.974790
0.258893,0.658450
0.269188,0.249753
0.029565,0.956048
0.055468,0.434897
0.484657,0.799908
0.873556,0.579588
0.373226,0.685904
0.819640,0.971590
0.153765,0.107932
0.292945,0.563783
0.091995,0.967465
0.730647,0.398535
0.936613,0.545767
0.155580,0.868772
0.603280,0.423843
0.157461,0.898700
0.924899,0.571306
0.152577,0.261400
0.089817,0.959414
0.358246,0.013760
0.258035,0.366594
0.122484,0.052102
0.944103,0.961262
0.436382,0.331585
0.618920,0.030654
0.831914,0.272322
0.252689,0.837920
0.208441,0.117468
0.642183,0.203920
0.809708,0.073088
0.455454,0.570712
0.880156,0.159242
0.501683,0.388801
0.784960,0.871577
0.223751,0.906256
0.260180,0.870950
0.489243,0.798423
0.657824,0.324193
0.484129,0.759421
0.783277,0.616050
0.936019,0.957071
0.054016,0.610836
0.236389,0.060351
0.421171,0.380057
0.017818,0.367617
0.046822,0.228041
0.006368,0.221705
0.088959,0.132053
0.211542,0.712400
0.172540,0.528806
0.503399,0.951693
0.078334,0.685772
0.394740,0.948888
0.498383,0.203359
0.220715,0.976638
0.741107,0.976275
0.725203,0.913845
0.005609,0.176236
0.959216,0.311555
0.020524,0.585792
0.509503,0.752854
0.122154,0.486669
0.887679,0.704382
0.788128,0.149706
0.765426,0.748664
0.883554,0.765921
0.082822,0.734079
0.162080,0.257441
0.714809,0.278361
0.228305,0.876493
0.038804,0.751864
0.635320,0.316406
0.636112,0.420049
0.771530,0.246024
0.927374,0.314723
0.575761,0.130601
0.451825,0.462681
0.259487,0.578466
0.370752,0.492939
0.396456,0.782683
0.791790,0.617106
0.391705,0.138652
0.979311,0.847456
0.456675,0.757639
0.088893,0.309576
0.200257,0.245265
0.242889,0.184188
0.532700,0.679304
0.088662,0.836534
0.160760,0.879133
0.489111,0.205867
0.635254,0.407939
0.624827,0.163202
0.841879,0.069821
0.956675,0.008843
0.586089,0.520986
0.217845,0.606646
0.250214,0.339603
0.785290,0.409754
0.280176,0.475351
0.908467,0.757771
0.342737,0.332277
0.606184,0.149838
0.653996,0.771365
0.829638,0.670494
0.863393,0.321224
0.635419,0.248631
0.653039,0.763083
0.666007,0.245991
0.883422,0.309048
0.060252,0.154458
0.302778,0.565895
0.773411,0.330661
0.248961,0.871775
0.570877,0.940309
0.616776,0.727810
0.465155,0.179139
0.538969,0.810995
0.160694,0.486471
0.477826,0.670329
0.705603,0.292846
0.654128,0.367914
0.852207,0.279120
0.722695,0.006995
0.576816,0.203161
0.632383,0.942586
0.133934,0.119382
0.901967,0.533096
0.231208,0.689467
0.535340,0.584505
0.540058,0.531512
0.346895,0.417046
0.317099,0.729592
0.222134,0.485613
0.983733,0.522768
0.212730,0.913120
0.375668,0.051376
0.237148,0.836402
0.550947,0.856431
0.208837,0.301293
0.709892,0.820795
0.387613,0.172012
0.279648,0.585132
0.818188,0.639345
0.905530,0.963803
0.840593,0.768594
0.736620,0.193757
0.957863,0.325117
0.789217,0.918333
0.951627,0.948096
0.722827,0.067148
0.599386,0.549165
0.491685,0.453310
0.075332,0.966706
0.881311,0.268000
0.699168,0.094437
0.553884,0.242592
0.711014,0.724510
0.579456,0.611628
0.083746,0.196562
0.320069,0.807530
0.729954,0.890583
0.818122,0.175180
0.894245,0.129941
0.910942,0.349172
0.765921,0.055567
0.968191,0.557150
0.555237,0.826734
0.942355,0.193559
0.137333,0.291064
0.483106,0.061440
0.608361,0.567346
0.026364,0.580380
0.508183,0.822114
0.896489,0.399030
0.294595,0.630898
0.374117,0.510922
0.971986,0.875701
0.204085,0.615654
0.897413,0.888966
0.452584,0.897116
0.389263,0.298885
0.561770,0.406487
0.059493,0.913515
0.173002,0.119481
0.582393,0.550122
0.585924,0.617897
0.189632,0.274863
0.426087,0.274896
0.858543,0.280572
0.806012,0.256715
0.823533,0.153501
0.819574,0.401307
0.142480,0.022471
0.363294,0.864878
0.121296,0.754174
0.740975,0.713687
0.702633,0.750148
0.146308,0.021283
0.017785,0.660562
0.041180,0.612981
0.041543,0.429255
0.103610,0.829440
0.716723,0.658945
0.555567,0.334884
0.998779,0.598198
0.785620,0.886755
0.336600,0.516861
0.556721,0.897248
0.196232,0.321586
0.554544,0.311061
0.823863,0.500660
0.875998,0.110671
0.790768,0.034812
0.216789,0.987428
0.069656,0.832079
0.910843,0.112948
0.748994,0.426417
0.073682,0.341352
0.599188,0.710552
0.457830,0.210981
0.286379,0.287600
0.969214,0.465551
0.730152,0.072197
0.851977,0.417475
0.683198,0.803372
0.823038,0.175477
0.734937,0.181020
0.670098,0.134462
0.583053,0.126675
0.698773,0.787336
0.486174,0.417310
0.133076,0.774995
0.755263,0.294760
0.145714,0.697090
0.916254,0.895499
0.674322,0.020788
0.305253,0.575431
0.196562,0.970831
0.610968,0.977430
0.472118,0.112453
0.729493,0.341286
0.739128,0.699201
0.386656,0.258695
0.116017,0.494028
0.838217,0.969973
0.330364,0.829869
0.490332,0.732726
0.844024,0.024748
0.323401,0.256451
0.299809,0.108097
0.265591,0.592160
0.414571,0.848182
0.889395,0.882499
0.081502,0.784762
0.936415,0.974658
0.121725,0.635749
0.814327,0.345179
0.245364,0.368871
0.955883,0.443708
0.450670,0.315185
0.062001,0.210057
0.601828,0.128687
0.909226,0.133505
0.472514,0.962120
0.797202,0.479146
0.317033,0.410414
0.210849,0.588860
0.054049,0.280637
0.242031,0.268066
0.385996,0.105788
0.003168,0.194879
0.541675,0.518082
0.623375,0.107206
0.593612,0.438923
0.504290,0.492279
0.230680,0.669174
0.445060,0.094206
0.102818,0.202864
0.581304,0.891507
0.399723,0.334092
0.350360,0.461988
0.909556,0.459282
0.528938,0.993929
0.445456,0.950109
0.170527,0.413350
0.159209,0.093942
0.223916,0.157461
0.288392,0.082327
0.313370,0.159770
0.584571,0.479608
0.958325,0.489870
0.868211,0.254867
0.459183,0.835709
0.517719,0.737247
0.527090,0.802283
0.129479,0.988220
0.140236,0.968290
0.979641,0.540421
0.513100,0.949383
0.737181,0.288491
0.053752,0.618788
0.191249,0.428100
0.702567,0.630799
0.135023,0.493896
0.088134,0.947271
0.070481,0.925295
0.051871,0.145549
0.869663,0.033558
0.707451,0.771761
0.970105,0.738600
0.882499,0.034944
0.902297,0.010097
0.287633,0.736653
0.183594,0.700125
0.393552,0.417607
0.295255,0.826074
0.486966,0.080050
0.268495,0.768198
0.911107,0.125652
0.794133,0.611397
0.792318,0.156834
0.481984,0.974526
0.416518,0.613047
0.222266,0.440606
0.006269,0.781726
0.072032,0.452518
0.317066,0.830496
0.216492,0.840560
0.018874,0.571504
0.227381,0.295453
0.880849,0.816274
0.620174,0.394509
0.046294,0.853395
0.916122,0.779186
0.651752,0.015508
0.445951,0.667393
0.255164,0.787765
0.631624,0.491091
0.004158,0.464858
0.710948,0.953046
0.568171,0.918465
0.154095,0.970798
0.349370,0.971755
0.740282,0.136310
0.584142,0.444499
0.884973,0.451396
0.325447,0.637531
0.649640,0.651653
0.084835,0.080644
0.506269,0.870356
0.569227,0.696265
0.334653,0.753613
0.223817,0.617205
0.271464,0.155679
0.418894,0.775886
0.628522,0.447997
0.473801,0.052960
0.017224,0.108790
0.945291,0.711344
0.639510,0.347192
0.352669,0.715073
0.304494,0.988517
0.066785,0.019336
0.419950,0.325711
0.809081,0.020458
0.348248,0.518676
0.548439,0.209364
0.780044,0.009503
0.383059,0.634495
0.501023,0.129512
0.672111,0.275391
0.927242,0.365703
0.553191,0.898898
0.592523,0.605359
0.318089,0.118260
0.391408,0.340131
0.928529,0.500561
0.773246,0.093645
0.220748,0.106382
0.746750,0.297037
0.690028,0.088662
0.990992,0.249423
0.454036,0.899294
0.637531,0.673464
0.014123,0.832013
0.414901,0.101597
0.945819,0.474131
0.729789,0.547779
0.789910,0.214941
0.070085,0.968653
0.984195,0.602851
0.291724,0.686960
0.883257,0.153171
0.032040,0.344552
0.478651,0.261037
0.846664,0.896984
0.774797,0.276183
0.485943,0.501914
0.093579,0.326338
0.001452,0.128291
0.248268,0.065400
0.452386,0.248367
0.355408,0.717680
0.772817,0.436844
0.147397,0.134726
0.203986,0.172078
0.880486,0.596483
0.558107,0.591632
0.433215,0.757375
0.077245,0.264172
0.208540,0.436118
0.659110,0.009866
0.704184,0.696925
0.411503,0.867122
0.364647,0.140071
0.352636,0.091467
0.298852,0.731835
0.101960,0.871544
0.434600,0.900581
0.314228,0.894806
0.731274,0.901637
0.043787,0.076388
0.487296,0.138223
0.324919,0.773675
0.559361,0.067742
0.647628,0.651323
0.740678,0.023890
0.651851,0.108889
0.462879,0.728371
0.149640,0.275622
0.587672,0.405431
0.488682,0.731901
0.561902,0.882894
0.082063,0.852867
0.032304,0.688379
0.523791,0.397215
0.565268,0.318749
0.657593,0.823005
0.444631,0.552267
0.029466,0.986801
0.038540,0.724246
0.590180,0.566225
0.917508,0.387415
0.888735,0.633208
0.968686,0.908203
0.639873,0.205768
0.414736,0.390913
0.917607,0.234772
0.905662,0.379463
0.863162,0.265459
0.595922,0.657461
0.899261,0.079489
0.768561,0.671715
0.419554,0.531215
0.741371,0.365967
0.770343,0.944301
0.724246,0.414505
0.842011,0.292582
0.979245,0.322510
0.445390,0.469973
0.159242,0.832706
0.229559,0.220781
0.253217,0.973174
0.298720,0.380354
0.079390,0.418696
0.575299,0.013331
0.372830,0.292813
0.751930,0.362239
0.575860,0.302976
0.468752,0.110209
0.153963,0.955388
0.326800,0.321389
0.880981,0.277008
0.642744,0.643800
0.905629,0.729954
0.857520,0.548043
0.631096,0.260344
0.913911,0.777800
0.273708,0.777173
0.802580,0.669339
0.236719,0.122583
0.477595,0.083581
0.666106,0.375437
0.900350,0.573088
0.954761,0.567874
0.258827,0.671187
0.257903,0.440408
0.099914,0.747674
0.084769,0.595658
0.494984,0.449746
0.639576,0.353758
0.363954,0.844453
0.234145,0.241173
0.037484,0.480466
0.409622,0.637432
0.043028,0.634627
0.357520,0.152214
0.133901,0.179964
0.896324,0.952881
0.266383,0.890088
0.549990,0.090048
0.045206,0.487791
0.729921,0.897347
0.812479,0.338613
0.929420,0.239491
0.925592,0.191018
0.271068,0.854088
0.351185,0.898370
0.050584,0.514552
0.649607,0.499967
0.079192,0.991520
0.541444,0.535801
0.583878,0.154821
0.839834,0.628324
0.606844,0.068237
0.766845,0.736455
0.126147,0.666073
0.570382,0.560747
0.532139,0.445324
0.992774,0.593282
0.758728,0.041114
0.738171,0.071372
0.223025,0.275589
0.136046,0.399756
0.263050,0.755758
0.980136,0.986108
0.597736,0.605062
0.209562,0.067181
0.834026,0.554841
0.613806,0.429453
0.957368,0.863492
0.704580,0.515805
0.479212,0.715634
0.942586,0.084967
0.176830,0.613806
0.236884,0.571141
0.505807,0.233023
0.490233,0.078664
0.827097,0.529829
0.428925,0.127598
0.343760,0.946248
0.781099,0.749357
0.563618,0.885105
0.375470,0.233089
0.203293,0.090015
0.761994,0.482116
0.296740,0.921204
0.740876,0.441827
0.685706,0.991718
0.251831,0.569854
0.061737,0.011681
0.556688,0.009041
0.190589,0.555039
0.589718,0.463506
0.838514,0.720352
0.381146,0.896555
0.173761,0.202402
0.712169,0.812050
0.776942,0.668086
0.852702,0.906949
0.807332,0.990134
0.049198,0.297433
0.412625,0.156768
0.556490,0.963176
0.156735,0.660760
0.800766,0.647034
0.926417,0.286115
0.412130,0.210156
0.471854,0.145714
0.684353,0.061935
0.020491,0.652478
0.503861,0.222530
0.157329,0.273939
0.902330,0.115984
0.293275,0.948558
0.148419,0.146605
0.378902,0.215172
0.790108,0.008348
0.103940,0.435854
0.773147,0.964495
0.203821,0.887778
0.852273,0.692800
0.733980,0.157692
0.506467,0.122055
0.603082,0.992807
0.123606,0.757144
0.135914,0.224444
0.240480,0.603115
0.120801,0.732363
0.656339,0.962351
0.230218,0.518874
0.366066,0.243417
0.595262,0.866396
0.786412,0.015212
0.472019,0.616314
0.712565,0.002442
0.844651,0.419983
0.430608,0.234673
0.631525,0.362436
0.987263,0.337029
0.816472,0.967102
0.612123,0.336105
0.669603,0.808190
0.498416,0.004059
0.226358,0.698080
0.705933,0.065730
0.710552,0.305121
0.500462,0.479113
0.576190,0.404738
0.525177,0.612717
0.802250,0.383851
0.180294,0.020260
0.829341,0.484624
0.812611,0.352504
0.951990,0.628786
0.784894,0.147694
0.212466,0.402462
0.330529,0.221111
0.518544,0.029895
0.668152,0.141787
0.250148,0.386590
0.774005,0.491322
0.350525,0.504587
0.937768,0.786049
0.353065,0.195968
0.372204,0.705372
0.644724,0.319970
0.244143,0.032964
0.747113,0.669603
0.752095,0.167987
0.604072,0.892761
0.292879,0.549759
0.080710,0.555468
0.800997,0.537286
0.965914,0.410216
0.165908,0.554808
0.369300,0.423777
0.148188,0.887349
0.339405,0.619019
0.036296,0.467828
0.206494,0.463803
0.309279,0.771431
0.884940,0.681845
0.319805,0.273510
0.684815,0.042203
0.099485,0.258662
0.011417,0.488352
0.952254,0.993830
0.830034,0.933083
0.931103,0.484920
0.213324,0.403583
0.477232,0.414076
0.604039,0.218802
0.287237,0.632647
0.115885,0.811720
0.815647,0.611331
0.471062,0.145483
0.548934,0.022207
0.864680,0.819475
0.855474,0.945027
0.281264,0.539365
0.094635,0.767769
0.182010,0.051871
0.122715,0.921534
0.983601,0.498581
0.190160,0.753151
0.516366,0.537748
0.295750,0.489672
0.571603,0.220814
0.740909,0.978849
0.691348,0.356497
0.216657,0.315482
0.047086,0.261136
0.051508,0.914010
0.807596,0.204613
0.094338,0.192272
0.131228,0.069722
0.439286,0.991850
0.115423,0.592556
0.736653,0.916287
0.963506,0.596219
0.754042,0.546228
0.936976,0.948228
0.217647,0.089850
0.216360,0.453739
0.996337,0.040454
0.368079,0.957896
0.939451,0.752722
0.640830,0.463968
0.578367,0.799809
0.897578,0.562562
0.480796,0.757474
0.213390,0.281198
0.488517,0.364548
0.533690,0.700257
0.257936,0.440309
0.105557,0.730647
0.049594,0.667228
0.480334,0.759388
0.134396,0.610374
0.980961,0.980928
0.738798,0.714050
0.330232,0.812578
0.467762,0.758893
0.984722,0.525243
0.382004,0.338745
0.320465,0.262192
0.797664,0.095592
0.396027,0.441233
0.718439,0.889560
0.848974,0.999274
0.169735,0.869498
0.023791,0.548703
0.068072,0.373853
0.640005,0.300667
0.437306,0.712961
0.776909,0.625289
0.847060,0.546129
0.842506,0.931202
0.063849,0.161420
0.917805,0.763380
0.939517,0.297070
0.652115,0.094338
0.508018,0.225566
0.868277,0.796080
0.470468,0.921270
0.447370,0.453178
0.497789,0.944004
0.119151,0.363426
0.374216,0.507292
0.988913,0.251402
0.098561,0.239788
0.853461,0.242097
0.937108,0.639378
0.240216,0.969478
0.075662,0.744737
0.937735,0.090543
0.347423,0.572923
0.407378,0.539497
0.659374,0.790471
0.749324,0.956477
0.130106,0.508678
0.247443,0.489771
0.311324,0.237841
0.234739,0.907279
0.139048,0.046855
0.776513,0.058866
0.779351,0.124662
0.264568,0.441134
0.239656,0.872533
0.979773,0.070811
0.535670,0.179106
0.596483,0.805319
0.995182,0.510328
0.170593,0.773543
0.170494,0.045041
0.153567,0.746750
0.259091,0.436745
0.303042,0.117699
0.818551,0.243648
0.967597,0.906124
0.453673,0.848248
0.575464,0.893849
0.401043,0.737049
0.576058,0.768231
0.502607,0.131327
0.942949,0.587540
0.238897,0.053620
0.849997,0.222299
0.344651,0.234211
0.933446,0.282980
0.613938,0.671022
0.979938,0.412031
0.563882,0.866957
0.420610,0.111694
0.921930,0.210750
0.644790,0.247872
0.255428,0.632548
0.676764,0.794694
0.722794,0.682901
0.593744,0.455124
0.526859,0.278823
0.089982,0.955949
0.386458,0.417871
0.082162,0.871478
0.049231,0.889230
0.418267,0.942520
0.521316,0.108031
0.142084,0.580809
0.295585,0.895895
0.543391,0.088893
0.916782,0.289151
0.764601,0.732297
0.742493,0.951000
0.962186,0.566587
0.528344,0.449845
0.343892,0.370785
0.803669,0.772883
0.422920,0.931565
0.316868,0.223850
0.182637,0.500957
0.229921,0.161750
0.315284,0.820135
0.911833,0.058503
0.918267,0.062232
0.018478,0.703557
0.159671,0.007820
0.302910,0.345047
0.795981,0.346169
0.108262,0.539134
0.512275,0.728041
0.596120,0.218868
0.933116,0.643998
0.557513,0.764007
0.331650,0.404903
0.710387,0.641094
0.472250,0.264568
0.752062,0.504224
0.598429,0.723619
0.328054,0.458391
0.095361,0.840692
0.306144,0.594206
0.348908,0.200026
0.661288,0.403418
0.076552,0.385699
0.090048,0.338085
0.397743,0.148683
0.011813,0.572725
0.019930,0.505444
0.407939,0.933611
0.755296,0.575728
0.151356,0.021877
0.881080,0.762720
0.659671,0.183561
0.800106,0.571471
0.813568,0.289778
0.115588,0.840131
0.764865,0.497723
0.787633,0.605590
0.680789,0.157989
0.411140,0.173134
0.302580,0.778097
0.739557,0.828252
0.460008,0.454629
0.658780,0.193691
0.647760,0.313766
0.763248,0.966046
0.511153,0.154491
0.404276,0.571570
0.128984,0.306804
0.055600,0.768561
0.507226,0.188082
0.732858,0.348974
0.314624,0.021514
0.798984,0.700290
0.621725,0.445984
0.311489,0.706791
0.262951,0.564014
0.963209,0.007160
0.703260,0.231538
0.253514,0.823302
0.349502,0.603346
0.762852,0.772091
0.443444,0.795354
0.826371,0.796410
0.304791,0.978024
0.117567,0.214611
0.103379,0.911899
0.677226,0.841418
0.801788,0.719066
0.101300,0.675213
0.321751,0.132779
0.017686,0.837260
0.024253,0.003960
0.147067,0.681053
0.147562,0.137300
0.232198,0.614763
0.704613,0.735729
0.484854,0.541213
0.907411,0.085561
0.162179,0.715964
0.731736,0.141721
0.122781,0.375239
0.994886,0.539035
0.119811,0.711014
0.487065,0.290438
0.285422,0.953640
0.805583,0.020590
0.750181,0.541378
0.276810,0.113938
0.332937,0.596681
0.930443,0.625685
0.100475,0.614235
0.180690,0.644922
0.897050,0.922920
0.390517,0.736950
0.776183,0.751204
0.722926,0.202897
0.616314,0.897182
0.386161,0.310236
0.031380,0.358774
0.365802,0.707088
0.550122,0.615093
0.067775,0.792483
0.589223,0.302646
0.753877,0.053455
0.908764,0.193922
0.393519,0.353494
0.289613,0.799050
0.522141,0.432027
0.283145,0.306144
0.416254,0.655052
0.177127,0.665215
0.287666,0.413186
0.189236,0.065565
0.358378,0.276744
0.280605,0.598396
0.981819,0.920808
0.885501,0.373721
0.415726,0.277965
0.086847,0.808388
0.850459,0.038111
0.423645,0.554940
0.441002,0.446479
0.408830,0.791922
0.907642,0.206164
0.201676,0.459018
0.485514,0.948525
0.020227,0.140929
0.458721,0.239029
0.438725,0.111562
0.019501,0.188049
0.334587,0.343298
0.212532,0.045371
0.341814,0.803504
0.448195,0.198179
0.638850,0.085594
0.239820,0.721639
0.007952,0.117864
0.359797,0.272025
0.523230,0.786841
0.469346,0.332178
0.255527,0.132812
0.693691,0.842935
0.617271,0.980136
0.549792,0.577839
0.011351,0.385105
0.940969,0.235927
0.900383,0.578103
0.960404,0.430509
0.223652,0.045074
0.243252,0.752425
0.594767,0.412889
0.701775,0.014486
0.999637,0.491454
0.932324,0.527288
0.422095,0.690622
0.175807,0.783145
0.061968,0.696562
0.596186,0.804692
0.944400,0.402495
0.487164,0.226787
0.302349,0.006038
0.700059,0.038573
0.706230,0.634396
0.761334,0.112486
0.183891,0.346961
0.444334,0.675345
0.978717,0.155481
0.355111,0.741833
0.722035,0.591137
0.463968,0.672243
0.335841,0.622022
0.426945,0.984294
0.005213,0.292912
0.891507,0.379265
0.442619,0.231406
0.685310,0.800601
0.184122,0.698773
0.483832,0.184914
0.732495,0.804164
0.252557,0.311687
0.185871,0.608493
0.782881,0.657428
0.868310,0.073814
0.476110,0.695572
0.412196,0.634429
0.483139,0.118161
0.614004,0.323104
0.991223,0.572131
0.493533,0.403286
0.391309,0.362997
0.911602,0.433512
0.878770,0.561539
0.264700,0.581535
0.262225,0.020722
0.839075,0.564080
0.477067,0.018511
0.575827,0.183825
0.463110,0.616875
0.189137,0.098924
0.341451,0.014420
0.386128,0.480103
0.025737,0.575002
0.400977,0.897050
0.564773,0.287534
0.572956,0.454200
0.972250,0.119910
0.249225,0.623903
0.616017,0.307761
0.335379,0.933149
0.347951,0.496271
0.497657,0.355870
0.096582,0.207649
0.514915,0.714413
0.047482,0.875008
0.119217,0.496469
0.385501,0.389923
0.918564,0.064509
0.069260,0.095130
0.843133,0.361777
0.171055,0.223520
0.249489,0.444202
0.661156,0.400317
0.053983,0.852240
0.230746,0.580545
0.456345,0.850492
0.032469,0.279747
0.552003,0.114829
0.389395,0.749918
0.584340,0.981588
0.918828,0.827559
0.114400,0.335445
0.561737,0.694681
0.053851,0.481192
0.208177,0.762291
0.597043,0.109780
0.091071,0.881608
0.572659,0.631525
0.921468,0.618755
0.565796,0.422425
0.747872,0.654656
0.881872,0.597109
0.795090,0.699465
0.955949,0.304098
0.461955,0.303174
0.991685,0.144262
0.572527,0.812248
0.898898,0.702138
0.706494,0.763809
0.806474,0.370851
0.902528,0.784234
0.327130,0.883851
0.937405,0.017422
0.290998,0.996568
0.759124,0.404111
0.805880,0.504884
0.800964,0.837128
0.960272,0.981291
0.201082,0.776480
0.383950,0.550155
0.653369,0.623573
0.722431,0.251006
0.531677,0.171682
0.913779,0.528377
0.251138,0.877912
0.943279,0.995908
0.295321,0.290603
0.498251,0.982017
0.198146,0.901340
0.881806,0.025309
0.783805,0.352933
0.026265,0.702567
0.491256,0.837590
0.001980,0.060714
0.338547,0.442487
0.889626,0.105194
0.120999,0.092721
0.690193,0.947502
0.019171,0.965023
0.278163,0.978585
0.564278,0.311094
0.488319,0.506335
0.499835,0.086814
0.468983,0.931631
0.193460,0.235201
0.080578,0.453244
0.778427,0.955355
0.106580,0.315713
0.224510,0.300865
0.389956,0.747014
0.680261,0.482149
0.320861,0.926879
0.865373,0.417970
0.973966,0.888504
0.542632,0.817660
0.787006,0.632878
0.573583,0.851449
0.079423,0.444334
0.580941,0.423019
0.337656,0.756814
0.737280,0.167690
0.070679,0.841682
0.085726,0.764469
0.658615,0.484360
0.619547,0.307101
0.939121,0.819640
0.584406,0.973405
0.930113,0.420082
0.044051,0.251699
0.532436,0.290866
0.043523,0.027387
0.442157,0.710486
0.606316,0.199630
0.676566,0.335313
0.688939,0.671979
0.804791,0.576618
0.614763,0.175114
0.120966,0.118590
0.684551,0.396885
0.054346,0.261994
0.292813,0.061539
0.069425,0.584373
0.871346,0.508810
0.995215,0.512473
0.176236,0.142414
0.135320,0.494424
0.138916,0.038045
0.753943,0.543589
0.920049,0.494193
0.323170,0.998350
0.260311,0.710585
0.511813,0.216657
0.517125,0.263743
0.425526,0.362337
0.762621,0.320003
0.403946,0.038639
0.072560,0.645747
0.407345,0.064773
0.653732,0.140533
0.784498,0.170923
0.144757,0.397842
0.752623,0.426582
0.694351,0.369729
0.730119,0.591269
0.846334,0.694945
0.718373,0.526595
0.837689,0.571438
0.240084,0.284102
0.053092,0.863987
0.078400,0.600937
0.406025,0.357784
0.428034,0.536824
0.191414,0.330760
0.730779,0.888801
0.959183,0.868739
0.014882,0.418168
0.544678,0.922557
0.136805,0.674520
0.392827,0.013595
0.171121,0.338217
0.260773,0.171385
0.590807,0.477298
0.024682,0.092589
0.220418,0.924800
0.690325,0.060417
0.041741,0.391408
0.137465,0.319904
0.505675,0.021613
0.467663,0.717317
0.967795,0.374414
0.487527,0.397149
0.364416,0.307398
0.313139,0.870719
0.545074,0.758695
0.204514,0.491190
0.970765,0.481885
0.995347,0.881476
0.198806,0.608823
0.994655,0.714182
0.080314,0.835280
0.733287,0.663466
0.387976,0.112387
0.341715,0.329935
0.431268,0.746915
0.744374,0.465122
0.283772,0.998449
0.523461,0.727612
0.508843,0.145087
0.009305,0.954134
0.591137,0.105722
0.081106,0.183528
0.868706,0.565796
0.543820,0.313634
0.990134,0.943345
0.307332,0.249918
0.552036,0.984426
0.395037,0.315614
0.549165,0.283838
0.904177,0.818584
0.609252,0.791790
0.178710,0.183462
0.558503,0.554445
0.500924,0.361348
0.655184,0.149739
0.032733,0.754339
0.597142,0.742064
0.107998,0.630865
0.467135,0.505246
0.877516,0.899558
0.050287,0.718868
0.598825,0.641160
0.395763,0.275919
0.673299,0.456510
0.130337,0.517191
0.286940,0.954003
0.065103,0.083020
0.132185,0.278955
0.602917,0.978651
0.095394,0.322444
0.311786,0.458622
0.313733,0.880420
0.646638,0.427209
0.571405,0.477562
0.707055,0.137992
0.902396,0.733947
0.304560,0.234739
0.078070,0.373787
0.349601,0.289316
0.779780,0.760674
0.337920,0.831716
0.782419,0.050518
0.789316,0.688840
0.968554,0.476671
0.617304,0.984788
0.555435,0.378044
0.976209,0.021415
0.926318,0.683264
0.395202,0.517554
0.577377,0.016399
0.728305,0.820630
0.535999,0.143635
0.652907,0.704415
0.643437,0.155382
0.024088,0.724807
0.118854,0.662707
0.323434,0.981885
0.305451,0.878638
0.230416,0.120735
0.399921,0.765789
0.384214,0.711377
0.698509,0.352867
0.441035,0.691216
0.414472,0.885303
0.872467,0.267142
0.187026,0.946908
0.980367,0.862865
0.637234,0.407972
0.963374,0.168877
0.731472,0.045964
0.077641,0.905662
0.276249,0.768792
0.237016,0.227810
0.528377,0.181977
0.349535,0.299050
0.768495,0.434864
0.408269,0.794232
0.811720,0.603445
0.799644,0.789118
0.734574,0.723784
0.608031,0.486768
0.969973,0.721408
0.859929,0.078136
0.042962,0.439022
0.346235,0.509305
0.204250,0.597604
0.925625,0.784597
0.276711,0.946281
0.316010,0.755032
0.035933,0.861249
0.144427,0.129875
0.696199,0.337821
0.046063,0.103280
0.876625,0.763578
0.897974,0.331123
0.548505,0.951231
0.791328,0.606316
0.312710,0.282848
0.471722,0.648320
0.661783,0.507457
0.161189,0.279780
0.562463,0.120504
0.177985,0.726061
0.434369,0.878374
0.274731,0.075332
0.977496,0.956642
0.146341,0.537055
0.023428,0.370488
0.006005,0.721804
0.026892,0.146242
0.598462,0.152742
0.333696,0.270771
0.060186,0.571174
0.291493,0.238699
0.843760,0.054808
0.278262,0.426615
0.581205,0.375404
0.382795,0.567412
0.455883,0.591731
0.953508,0.774401
0.044414,0.192602
0.594503,0.126477
0.656636,0.753283
0.281000,0.560450
0.049495,0.394245
0.463407,0.807992
0.239919,0.970039
0.024880,0.841220
0.254273,0.685013
0.479278,0.818353
0.953871,0.752062
0.106481,0.350459
0.207583,0.276909
0.495479,0.626774
0.724213,0.801524
0.836369,0.857685
0.014387,0.516960
0.460041,0.914274
0.664423,0.250016
0.612585,0.001419
0.748598,0.244044
0.005972,0.974230
0.021250,0.561968
0.633637,0.655316
0.348347,0.710618
0.565367,0.222332
0.674520,0.239886
0.339108,0.259124
0.985547,0.567808
0.523065,0.659836
0.441134,0.488121
0.431400,0.954101
0.766944,0.100046
0.143074,0.207385
0.464858,0.669009
0.488187,0.065829
0.477265,0.322147
0.609681,0.407543
0.252062,0.095097
0.101234,0.356101
0.310467,0.247377
0.088035,0.547416
0.053554,0.152511
0.157395,0.231043
0.913614,0.738171
0.222926,0.961196
0.119118,0.320234
0.368574,0.078367
0.024055,0.478750
0.113212,0.342308
0.358609,0.875140
0.320102,0.519171
0.735597,0.294496
0.782947,0.651686
0.879595,0.086320
0.405761,0.846499
0.382894,0.593051
0.472811,0.001386
0.847984,0.238369
0.000462,0.998086
0.078994,0.665182
0.507589,0.407510
0.794925,0.089421
0.927737,0.379958
0.637827,0.350591
0.064905,0.299611
0.098330,0.531347
0.813964,0.388669
0.183297,0.848875
0.342770,0.001650
0.611826,0.283772
0.618821,0.807233
0.814987,0.839504
0.358213,0.389890
0.252392,0.058833
0.157659,0.118986
0.958754,0.464990
0.941563,0.975747
0.001914,0.823038
0.327262,0.557942
0.959975,0.962945
0.150300,0.621032
0.700521,0.814030
0.785224,0.008579
0.268891,0.475582
0.978816,0.797499
0.372039,0.165281
0.616512,0.427374
0.420016,0.505939
0.820366,0.018709
0.277899,0.217878
0.519138,0.473735
0.769716,0.479674
0.617040,0.501221
0.510295,0.207154
0.257573,0.629281
0.043490,0.232825
0.436514,0.044612
0.641490,0.672969
0.691216,0.746882
0.194087,0.459447
0.187785,0.022273
0.110110,0.830826
0.828252,0.897314
0.626411,0.332937
0.112684,0.263347
0.268330,0.294232
0.882894,0.606283
0.970006,0.277173
0.865571,0.672177
0.007787,0.610671
0.331585,0.031974
0.699102,0.499340
0.542599,0.883686
0.781363,0.989078
0.608757,0.115819
0.094074,0.920181
0.086089,0.265888
0.720682,0.731241
0.232627,0.769386
0.777965,0.329968
0.027585,0.752590
0.716954,0.441266
0.595064,0.895235
0.752557,0.975417
0.683066,0.766284
0.800469,0.796509
0.875635,0.995050
0.728701,0.143041
0.603709,0.602257
0.230812,0.584802
0.467630,0.582591
0.962153,0.202336
0.522702,0.800700
0.379067,0.715799
0.818320,0.113344
0.928100,0.494523
0.699894,0.055072
0.678018,0.472019
0.937207,0.184551
0.257144,0.741734
0.970171,0.574111
0.893783,0.743813
0.831947,0.931664
0.258332,0.240876
0.173266,0.429387
0.627533,0.852141
0.304527,0.563519
0.072428,0.922062
0.384775,0.589388
0.794430,0.371445
0.843100,0.886392
0.165413,0.454431
0.284663,0.159638
0.675807,0.456906
0.559163,0.585297
0.613773,0.667723
0.951726,0.844519
0.739755,0.252524
0.493863,0.432753
0.447733,0.431004
0.559856,0.130205
0.732264,0.394575
0.213060,0.864746
0.432093,0.731472
0.885435,0.809114
0.404441,0.162971
0.157197,0.030093
0.879760,0.175840
0.433973,0.243450
0.207022,0.872072
0.399558,0.991388
0.322147,0.513100
0.085396,0.250247
0.602191,0.041147
0.971293,0.077047
0.085594,0.251732
0.636046,0.296542
0.760245,0.003531
0.997723,0.607272
0.605062,0.447436
0.462153,0.956510
0.025507,0.514354
0.361480,0.465914
0.810995,0.134627
0.675510,0.155052
0.508381,0.668053
0.930344,0.901274
0.083548,0.013958
0.286214,0.400647
0.941002,0.908995
0.906025,0.341978
0.925229,0.818386
0.209002,0.757738
0.738105,0.326602
0.211740,0.173695
0.206395,0.874579
0.292351,0.422689
0.990464,0.700059
0.363756,0.406256
0.200290,0.873787
0.248532,0.286478
0.497525,0.272586
0.074012,0.883323
0.655613,0.926648
0.106085,0.378242
0.139873,0.055468
0.917574,0.540124
0.900020,0.898304
0.898337,0.503201
0.610572,0.547680
0.404408,0.197915
0.151554,0.040190
0.914934,0.912493
0.448624,0.943576
0.712202,0.289646
0.782584,0.817429
0.817528,0.593150
0.792681,0.018412
0.544051,0.166799
0.029598,0.688445
0.061110,0.408566
0.449482,0.271035
0.858906,0.616578
0.868079,0.047845
0.436613,0.229130
0.658417,0.408995
0.585693,0.344816
0.150135,0.306441
0.672309,0.706131
0.961097,0.450505
0.342143,0.484294
0.504620,0.295750
0.287105,0.867353
0.093315,0.179799
0.956345,0.924503
0.529664,0.009338
0.569590,0.606118
0.396720,0.248796
0.836930,0.791460
0.110308,0.126708
0.862107,0.793011
0.415363,0.393453
0.024781,0.671781
0.237346,0.542566
0.584802,0.318254
0.997822,0.737874
0.621989,0.910117
0.356629,0.534944
0.981588,0.007259
0.846004,0.248565
0.661948,0.751732
0.189401,0.293704
0.386590,0.515475
0.104732,0.658879
0.908566,0.323533
0.359665,0.645912
0.500660,0.093150
0.610044,0.021250
0.314129,0.654887
0.714347,0.636838
0.149310,0.532469
0.531248,0.581634
0.840428,0.037748
0.708408,0.492510
0.133703,0.708903
0.862469,0.927242
0.477430,0.480400
0.637893,0.626081
0.076190,0.682340
0.027981,0.358642
0.784663,0.684386
0.172969,0.710519
0.576750,0.205306
0.621098,0.311456
0.204283,0.568765
0.931268,0.824424
0.241536,0.796311
0.301359,0.960998
0.530786,0.286181
0.761433,0.221507
0.200818,0.098000
0.338811,0.855540
0.934765,0.148056
0.839636,0.464891
0.572989,0.958721
0.977892,0.894608
0.214050,0.867584
0.601366,0.219527
0.830232,0.757507
0.964957,0.286874
0.002277,0.340692
0.389329,0.597043
0.573055,0.688115
0.989177,0.351812
0.143701,0.509602
0.572065,0.648683
0.819904,0.569887
0.198905,0.017356
0.011549,0.985217
0.974823,0.451825
0.689335,0.711311
0.872500,0.341517
0.192668,0.738930
0.945192,0.091698
0.622583,0.771563
0.458193,0.704547
0.348446,0.178084
0.582294,0.629380
0.568996,0.249852
0.295156,0.973075
0.470039,0.363327
0.374018,0.490266
0.955058,0.322972
0.309609,0.549429
0.941365,0.498713
0.968092,0.775853
0.538309,0.442322
0.047845,0.076816
0.181284,0.212004
0.998614,0.463539
0.757408,0.726028
0.512473,0.872698
0.629974,0.099188
0.722068,0.059823
0.469610,0.289250
0.300667,0.749324
0.412295,0.879430
0.500066,0.256946
0.508480,0.193229
0.947271,0.234310
0.978057,0.300007
0.242262,0.599452
0.425493,0.102389
0.756979,0.610341
0.439121,0.975252
0.087210,0.737907
0.912526,0.915792
0.036725,0.511087
0.279846,0.904078
0.852042,0.496370
0.694483,0.372896
0.752689,0.136079
0.705636,0.404771
0.659770,0.618392
0.817033,0.359995
0.708045,0.917079
0.071636,0.732429
0.249357,0.973702
0.638586,0.471161
0.194681,0.036989
0.289349,0.361975
0.477001,0.257573
0.564542,0.301062
0.533459,0.781066
0.218439,0.339009
0.351779,0.307596
0.152148,0.904771
0.016465,0.615555
0.815515,0.871940
0.448492,0.968686
0.689632,0.608526
0.923283,0.663103
0.876130,0.049957
0.813337,0.592358
0.076091,0.882235
0.011054,0.739359
0.890187,0.165479
0.216921,0.461427
0.092226,0.362799
0.770145,0.399459
0.690391,0.704679
0.053026,0.200785
0.067115,0.533954
0.476374,0.837029
0.457335,0.964265
0.201742,0.848050
0.496799,0.859797
0.949911,0.880189
0.429420,0.387481
0.428397,0.644559
0.253481,0.860490
0.343859,0.999373
0.798027,0.886524
0.458094,0.477133
0.331519,0.064212
0.687818,0.044051
0.612948,0.576487
0.810665,0.152412
0.619085,0.214017
0.860127,0.809741
0.076816,0.270804
0.135188,0.576849
0.116347,0.214842
0.894641,0.951627
0.978651,0.674421
0.343826,0.996601
0.792384,0.409787
0.493269,0.481027
0.346169,0.733914
0.192965,0.229064
0.995974,0.397644
0.306012,0.392530
0.326338,0.512869
0.801986,0.210519
0.135155,0.208144
0.110704,0.799545
0.929816,0.517158
0.993302,0.948327
0.849007,0.106877
0.175378,0.382169
0.988649,0.730845
0.053422,0.701280
0.134825,0.616248
0.054280,0.991124
0.281528,0.467696
0.139774,0.441101
0.900647,0.866858
0.005510,0.094668
0.942289,0.282320
0.126048,0.557513
0.553455,0.889164
0.637663,0.931169
0.036692,0.155745
0.274203,0.787237
0.887217,0.400284
0.709134,0.846565
0.257837,0.604402
0.088629,0.953706
0.155118,0.031941
0.524286,0.493665
0.649904,0.907543
0.129974,0.092259
0.224873,0.868046
0.452023,0.298984
0.293341,0.423513
0.159704,0.841945
0.308553,0.809873
0.760806,0.293506
0.093612,0.481423
0.007094,0.802019
0.213093,0.942817
0.437735,0.159110
0.850261,0.366099
0.389791,0.967003
0.652049,0.319079
0.496733,0.879760
0.938626,0.313700
0.499769,0.954695
0.457698,0.202204
0.263809,0.777998
0.109879,0.811225
0.788755,0.526199
0.872632,0.503333
0.215238,0.570382
0.804494,0.102488
0.563981,0.627368
0.437537,0.903682
0.816406,0.428265
0.600838,0.659176
0.739952,0.374612
0.527717,0.431202
0.236686,0.164258
0.471953,0.251435
0.701280,0.245463
0.915000,0.218241
0.459909,0.536164
0.641853,0.217251
0.753283,0.365901
0.807200,0.932951
0.026628,0.462219
0.553323,0.499010
0.615093,0.826932
0.177391,0.227612
0.332805,0.147925
0.907873,0.442190
0.241173,0.054115
0.239293,0.307431
0.917706,0.876394
0.922590,0.734838
0.757639,0.387976
0.551970,0.729690
0.383752,0.502640
0.619514,0.451198
0.933479,0.603478
0.619580,0.794793
0.944763,0.699927
0.549231,0.383554
0.915462,0.969214
0.538903,0.699333
0.149409,0.281396
0.548175,0.398601
0.734904,0.557117
0.664456,0.821059
0.618227,0.217416
0.713423,0.394278
0.991355,0.813667
0.516102,0.946182
0.250610,0.738006
0.852999,0.932819
0.858114,0.439517
0.732660,0.594437
0.280769,0.239755
0.009998,0.236422
0.709628,0.663235
0.342473,0.072659
0.561044,0.496931
0.935392,0.469379
0.946842,0.730548
0.904705,0.650201
0.699531,0.830958
0.615951,0.920016
0.324094,0.237511
0.418300,0.850525
0.526958,0.285422
0.106910,0.090972
0.280934,0.646704
0.038210,0.229361
0.533756,0.448723
0.269221,0.177820
0.035208,0.583977
0.020293,0.440705
0.470006,0.798753
0.368376,0.380948
0.990233,0.520854
0.324259,0.583944
0.446512,0.435029
0.351086,0.822609
0.033657,0.484162
0.755131,0.273048
0.123144,0.962780
0.056919,0.592655
0.732924,0.933314
0.325909,0.524649
0.728635,0.236587
0.592424,0.691612
0.301161,0.953409
0.496931,0.980895
0.972481,0.708375
0.288722,0.836435
0.369795,0.862107
0.232825,0.277437
0.811819,0.717581
0.816571,0.419818
0.629050,0.206296
0.564080,0.481720
0.454464,0.853098
0.710882,0.728107
0.556886,0.230218
0.224444,0.596285
0.378671,0.557579
0.750610,0.900515
0.350162,0.883455
0.875701,0.949350
0.739985,0.282815
0.533360,0.642645
0.201511,0.531314
0.457302,0.382993
0.196100,0.872731
0.531974,0.104864
0.964561,0.035966
0.934600,0.186036
0.811423,0.997129
0.748862,0.500594
0.051112,0.099320
0.739886,0.082525
0.516432,0.193823
0.307035,0.336468
0.501254,0.870620
0.711608,0.741668
0.681020,0.562760
0.450637,0.791526
0.056358,0.138058
0.637003,0.745298
0.923876,0.187026
0.977694,0.167360
0.180195,0.784927
0.812413,0.003003
0.918135,0.516465
0.995941,0.829143
0.300370,0.607866
0.361513,0.549594
0.816637,0.527090
0.640335,0.656570
0.493731,0.926285
0.425163,0.315812
0.700554,0.317891
0.790866,0.675444
0.233716,0.172507
0.964166,0.670263
0.866891,0.281495
0.233485,0.415627
0.924668,0.485547
0.113080,0.511417
0.336039,0.960833
0.460800,0.257804
0.794199,0.340791
0.803603,0.614070
0.411635,0.616545
0.387217,0.042170
0.211938,0.252986
0.240249,0.512209
0.081304,0.097010
0.902561,0.685277
0.332772,0.863756
0.902231,0.561209
0.276348,0.524781
0.253943,0.259289
0.422854,0.596186
0.305583,0.540553
0.252986,0.972085
0.259223,0.193064
0.325612,0.205933
0.677853,0.419290
0.908995,0.115489
0.433017,0.863426
0.043391,0.504455
0.419587,0.763347
0.747014,0.291394
0.735168,0.118194
0.709595,0.328780
0.336831,0.548274
0.596219,0.300073
0.950043,0.610803
0.451990,0.054676
0.287699,0.403913
0.194879,0.470831
0.323203,0.980268
0.265954,0.600541
0.476638,0.289679
0.502475,0.823104
0.920379,0.569293
0.379595,0.915231
0.908599,0.414604
0.365307,0.309609
0.465485,0.250940
0.595394,0.160331
0.808982,0.576091
0.331321,0.084307
0.653963,0.500297
0.823995,0.048241
0.898568,0.297235
0.650069,0.122715
0.158186,0.106283
0.049000,0.280011
0.378770,0.160232
0.767538,0.559064
0.244638,0.155877
0.831749,0.809939
0.224477,0.304857
0.384313,0.433709
0.715436,0.595592
0.335511,0.438395
0.370521,0.401472
0.356959,0.050848
0.037979,0.745595
0.494259,0.238105
0.515442,0.952683
0.137761,0.856035
0.556457,0.233188
0.151092,0.107042
0.835940,0.410546
0.941068,0.611562
0.917310,0.185211
0.854880,0.855243
0.179700,0.096977
0.727777,0.679601
0.445720,0.887613
0.215667,0.664423
0.877846,0.276975
0.106712,0.638124
0.247080,0.753811
0.249258,0.651257
0.621659,0.012539
0.300205,0.156603
0.333300,0.934798
0.992510,0.780044
0.713588,0.163070
0.019534,0.047119
0.340230,0.104270
0.177358,0.933841
0.327163,0.615456
0.943048,0.854913
0.255824,0.040223
0.744473,0.918168
0.300700,0.919719
0.417937,0.186432
0.464891,0.065202
0.493830,0.214314
0.442091,0.860820
0.595031,0.056095
0.746915,0.647958
0.718241,0.445027
0.815119,0.542203
0.380783,0.255824
0.111694,0.000264
0.099056,0.045404
0.938098,0.809180
0.409490,0.174322
0.020458,0.982413
0.498218,0.969445
0.192503,0.739062
0.916980,0.114400
0.798456,0.676137
0.531446,0.291691
0.874282,0.169273
0.497360,0.114070
0.045800,0.619382
0.831486,0.530258
0.179337,0.201379
0.665710,0.636112
0.832640,0.407609
0.376823,0.106448
0.434633,0.308388
0.319871,0.040949
0.696100,0.042995
0.029136,0.394872
0.982149,0.915825
0.941926,0.516762
0.063981,0.880222
0.940375,0.393156
0.798819,0.620702
0.593513,0.757276
0.487362,0.247146
0.336204,0.507688
0.489012,0.319508
0.618326,0.953541
0.730350,0.003564
0.885831,0.612948
0.472151,0.423579
0.735135,0.853296
0.703953,0.762159
0.372006,0.087078
0.610869,0.977034
0.455190,0.044348
0.835016,0.627565
0.783079,0.937735
0.902165,0.285125
0.265063,0.039893
0.324292,0.861414
0.452155,0.158252
0.315911,0.218538
0.019006,0.587243
0.249951,0.002541
0.740150,0.437009
0.561572,0.163103
0.025638,0.052795
0.384049,0.080413
0.670296,0.830628
0.616908,0.863261
0.487725,0.476077
0.398271,0.882631
0.102092,0.807464
0.457170,0.879232
0.173530,0.222893
0.672672,0.336369
0.023131,0.853593
0.955256,0.813238
0.343463,0.872402
0.730317,0.048109
0.880189,0.274533
0.507325,0.218142
0.749786,0.519138
0.209101,0.288821
0.755032,0.675543
0.106217,0.189533
0.162443,0.598693
0.776876,0.971887
0.841418,0.159011
0.877681,0.349073
0.078499,0.038540
0.422953,0.628720
0.322510,0.136343
0.147463,0.450175
0.215271,0.427539
0.810137,0.534317
0.528806,0.899459
0.422887,0.701841
0.311225,0.712730
0.217812,0.585561
0.244572,0.713126
0.820465,0.653666
0.294826,0.426846
0.413614,0.415132
0.725764,0.400416
0.101531,0.869267
0.361249,0.508975
0.771497,0.540850
0.921732,0.023131
0.610935,0.978387
0.466475,0.277041
0.764667,0.649475
0.753778,0.706098
0.891837,0.444829
0.499043,0.508150
0.333564,0.398964
0.037616,0.619547
0.432192,0.558635
0.902363,0.082096
0.298918,0.120042
0.113245,0.646605
0.364251,0.212334
0.284927,0.520293
0.720946,0.487461
0.277767,0.840593
0.496568,0.577179
0.910414,0.271596
0.675642,0.713060
0.530951,0.642315
0.789646,0.474559
0.024946,0.621560
0.265558,0.904837
0.408929,0.626906
0.924569,0.824226
0.096153,0.762258
0.441563,0.104105
0.504752,0.905464
0.309675,0.734739
0.952650,0.370950
0.897743,0.801260
0.509008,0.812281
0.037517,0.707814
0.415264,0.739952
0.007853,0.267637
0.342869,0.032007
0.628753,0.505016
0.513298,0.859830
0.771035,0.885864
0.842737,0.363624
0.103346,0.541345
0.671583,0.108262
0.836963,0.620537
0.115951,0.728899
0.826932,0.366429
0.400713,0.023725
0.519633,0.080512
0.854352,0.847654
0.089421,0.791691
0.290537,0.166436
0.680129,0.626015
0.298291,0.670989
0.006038,0.406355
0.032535,0.890814
0.563288,0.214908
0.319046,0.962978
0.555039,0.626708
0.908500,0.790174
0.348380,0.905398
0.571009,0.723388
0.639345,0.418663
0.324457,0.007655
0.480367,0.316670
0.140038,0.465452
0.945786,0.055171
0.724147,0.489045
0.825084,0.112981
0.084736,0.432093
0.489342,0.317495
0.674751,0.607338
0.378605,0.458787
0.739326,0.908797
0.420511,0.307926
0.905002,0.961526
0.750313,0.376988
0.299380,0.839834
0.192239,0.446644
0.871841,0.820300
0.079819,0.086880
0.648650,0.942982
0.915594,0.187488
0.561473,0.246816
0.008711,0.450934
0.489573,0.558074
0.714248,0.985646
0.132383,0.525605
0.636772,0.401175
0.884379,0.999802
0.223883,0.960305
0.282749,0.166997
0.348545,0.722497
0.599221,0.265426
0.463473,0.651785
0.251204,0.103346
0.954563,0.774929
0.224972,0.283409
0.468950,0.744803
0.187818,0.101894
0.115753,0.525210
0.793077,0.333069
0.611760,0.286049
0.607536,0.198806
0.885336,0.193427
0.387514,0.268363
0.262720,0.156867
0.923711,0.980202
0.949482,0.589190
0.356068,0.337392
0.885666,0.029499
0.443938,0.073682
0.911008,0.672870
0.777206,0.729855
0.897842,0.531017
0.525935,0.331914
0.932027,0.087408
0.371313,0.033756
0.492378,0.805814
0.193823,0.595460
0.142645,0.415693
0.391507,0.496898
0.945456,0.463704
0.667723,0.754405
0.176797,0.753415
0.231241,0.583152
0.540982,0.298819
0.504884,0.395136
0.332244,0.961229
0.811951,0.325909
0.839141,0.054511
0.488352,0.375536
0.505477,0.590114
0.433808,0.496304
0.178809,0.361546
0.575431,0.183792
0.395400,0.611199
0.611232,0.122781
0.517257,0.117633
0.448096,0.232297
0.621923,0.953838
0.345344,0.054643
0.051904,0.398238
0.875305,0.494688
0.672276,0.083449
0.955454,0.352735
0.377318,0.668514
0.519270,0.980730
0.792285,0.679997
0.476341,0.955718
0.451693,0.378143
0.236917,0.038441
0.511450,0.611694
0.455058,0.207913
0.812446,0.759817
0.923777,0.684155
0.960767,0.670791
0.285719,0.372303
0.856365,0.033921
0.433611,0.834191
0.144955,0.476176
0.786478,0.899657
0.483304,0.735894
0.642216,0.569590
0.815350,0.966310
0.420280,0.199894
0.865505,0.380717
0.996535,0.481126
0.401934,0.750940
0.728404,0.157494
0.552927,0.088002
0.547383,0.135914
0.599485,0.376394
0.508612,0.737676
0.969841,0.876064
0.837359,0.678084
0.183660,0.626543
0.404837,0.761796
0.224906,0.024649
0.457665,0.239425
0.258167,0.179667
0.145054,0.901802
0.803405,0.104765
0.377780,0.018940
0.598264,0.257606
0.299842,0.306738
0.271233,0.757210
0.379397,0.235795
0.874744,0.555402
0.576355,0.525935
0.553389,0.457929
0.626378,0.761235
0.107042,0.928199
0.303504,0.644988
0.897545,0.934270
0.475153,0.689236
0.248565,0.544777
0.503168,0.698509
0.038837,0.139510
0.640962,0.995017
0.600937,0.137366
0.756880,0.626114
0.422194,0.688016
0.192734,0.334785
0.956477,0.581172
0.552234,0.958325
0.428892,0.826503
0.338118,0.153831
0.816274,0.458061
0.578268,0.783937
0.880651,0.832772
0.586320,0.232132
0.257342,0.925460
0.003993,0.173926
0.682736,0.914307
0.744044,0.255692
0.227348,0.977595
0.875206,0.140830
0.655349,0.222002
0.060945,0.183132
0.421270,0.497690
0.034746,0.599914
0.941332,0.181845
0.962450,0.276348
0.573484,0.530291
0.062496,0.207055
0.686465,0.612255
0.381608,0.304395
0.252755,0.354253
0.219725,0.929585
0.571834,0.883356
0.780407,0.932324
0.445126,0.354385
0.114103,0.952287
0.510955,0.787930
0.370422,0.519468
0.340032,0.345575
0.143503,0.436976
0.538210,0.157428
0.030918,0.076651
0.286808,0.183627
0.042533,0.582822
0.272883,0.242064
0.661519,0.633703
0.116050,0.993335
0.843859,0.847951
0.295189,0.842770
0.475681,0.951759
0.338844,0.697123
0.940408,0.901175
0.804461,0.996964
0.558338,0.472217
0.472712,0.218604
0.831057,0.598594
0.105986,0.954860
0.122946,0.230581
0.023065,0.658714
0.943971,0.295156
0.413812,0.765195
0.759619,0.609219
0.890517,0.782287
0.273345,0.549000
0.740513,0.424932
0.623639,0.085957
0.638751,0.784069
0.222893,0.855474
0.113476,0.136706
0.403748,0.512605
0.038705,0.165116
0.618392,0.398997
0.741635,0.625223
0.815482,0.534779
0.442850,0.978915
0.724807,0.367848
0.937933,0.267769
0.381278,0.054709
0.196331,0.409589
0.571471,0.446974
0.718340,0.877054
0.832046,0.848347
0.275259,0.910876
0.067742,0.665479
0.583581,0.458589
0.789052,0.874744
0.923415,0.451066
0.898700,0.580776
0.672639,0.890220
0.017488,0.112750
0.990431,0.392365
0.358114,0.484492
0.235465,0.329803
0.263182,0.724213
0.002673,0.560549
0.457038,0.411272
0.150960,0.736422
0.813370,0.660397
0.081733,0.584604
0.975912,0.548538
0.875536,0.345476
0.711773,0.419950
0.709232,0.228998
0.274764,0.386293
0.983139,0.440243
0.111166,0.719297
0.008777,0.714941
0.500858,0.965815
0.643899,0.114763
0.103082,0.738567
0.626444,0.029268
0.118326,0.033954
0.233155,0.839867
0.868244,0.452320
0.464825,0.796443
0.482545,0.983700
0.512440,0.190754
0.624332,0.808685
0.757243,0.089190
0.484261,0.340230
0.805847,0.517587
0.795321,0.022075
0.995446,0.796773
0.215733,0.040421
0.889131,0.952221
0.036362,0.776579
0.217779,0.567181
0.238930,0.552003
0.855639,0.941398
0.309477,0.915099
0.918795,0.391903
0.108757,0.405035
0.596912,0.663796
0.068501,0.169141
0.713357,0.091368
0.980070,0.714809
0.586452,0.943114
0.279912,0.210189
0.863327,0.151389
0.624134,0.038078
0.723388,0.549264
0.695308,0.470336
0.893750,0.895136
0.826305,0.958391
0.293506,0.837854
0.187917,0.106118
0.132680,0.251633
0.687554,0.279516
0.567808,0.075101
0.092028,0.916914
0.736290,0.704052
0.901439,0.092952
0.140929,0.987230
0.098099,0.798027
0.774467,0.256088
0.429519,0.045668
0.445324,0.854583
0.147958,0.983502
0.299908,0.156702
0.282518,0.951825
0.309048,0.708474
0.845443,0.853461
0.566027,0.790537
0.787369,0.967828
0.635650,0.460965
0.692536,0.283343
0.419785,0.733452
0.780868,0.149607
0.524121,0.731637
0.621692,0.837491
0.305847,0.043688
0.298126,0.514057
0.977859,0.414835
0.208408,0.349337
0.636541,0.083944
0.844882,0.437867
0.470105,0.310665
0.385303,0.432555
0.884709,0.396951
0.280308,0.273345
0.931037,0.013826
0.202039,0.377945
0.547581,0.004389
0.633340,0.754834
0.297565,0.827196
0.881938,0.273015
0.806375,0.957104
0.885600,0.616512
0.432654,0.036494
0.981357,0.276843
0.806507,0.615423
0.908170,0.849238
0.291955,0.064080
0.922755,0.021349
0.785851,0.671913
0.376097,0.565268
0.310500,0.222827
0.093678,0.325018
0.018379,0.901307
0.142744,0.019633
0.408434,0.376790
0.839933,0.805781
0.623771,0.589784
0.661321,0.439550
0.082195,0.600112
0.054874,0.215898
0.383092,0.133208
0.506665,0.911041
0.636937,0.693856
0.912592,0.339306
0.048010,0.358675
0.209496,0.690061
0.822741,0.686663
0.684155,0.102092
0.986669,0.559262
0.714908,0.189929
0.245232,0.666799
0.933314,0.685607
0.591368,0.920511
0.120603,0.322642
0.622484,0.492675
0.441266,0.737280
0.453970,0.807959
0.626246,0.964363
0.084472,0.865076
0.444202,0.788227
0.956147,0.570547
0.495809,0.130865
0.780637,0.508084
0.484624,0.387613
0.867914,0.667261
0.408401,0.765063
0.834290,0.586518
0.658945,0.877714
0.675972,0.961856
0.587375,0.433742
0.437900,0.601267
0.878473,0.414538
0.213918,0.298258
0.578796,0.298654
0.970930,0.366759
0.023527,0.080479
0.022933,0.841978
0.921402,0.815548
0.554511,0.269650
0.818221,0.378209
0.911173,0.049792
0.805418,0.563981
0.721969,0.001485
0.452683,0.255395
0.406190,0.926516
0.456246,0.355540
0.015541,0.150894
0.657527,0.952980
0.433347,0.907114
0.099815,0.018478
0.067841,0.178150
0.600508,0.640731
0.683528,0.202138
0.879463,0.766647
0.383191,0.858939
0.523593,0.732627
0.531413,0.007721
0.868640,0.328021
0.532535,0.417739
0.060450,0.848776
0.336633,0.984657
0.562364,0.355342
0.161057,0.116842
0.539893,0.096087
0.318683,0.526364
0.492972,0.531710
0.295387,0.451099
0.509536,0.586452
0.127796,0.866363
0.852504,0.009536
0.773477,0.640170
0.260245,0.105656
0.500528,0.172177
0.587474,0.613509
0.454827,0.520062
0.772949,0.447733
0.169966,0.007556
0.063288,0.299644
0.821883,0.537022
0.537451,0.364812
0.901175,0.745661
0.095790,0.249456
0.379496,0.904969
0.891672,0.649607
0.470831,0.728800
0.509437,0.349403
0.110869,0.095295
0.958028,0.390154
0.817429,0.104237
0.775754,0.928166
0.649574,0.639312
0.073550,0.958127
0.576618,0.792450
0.598528,0.296971
0.344981,0.077311
0.989870,0.297136
0.262192,0.105689
0.833432,0.177853
0.512242,0.589652
0.590477,0.416848
0.968290,0.695539
0.572164,0.628753
0.836831,0.142018
0.093381,0.426318
0.967630,0.324325
0.459315,0.782122
0.540289,0.520623
0.386392,0.544216
0.070877,0.602026
0.119580,0.545074
0.447568,0.749588
0.531644,0.924833
0.908137,0.066093
0.286313,0.367551
0.957929,0.216690
0.800502,0.269419
0.881278,0.338481
0.693526,0.216789
0.589058,0.286445
0.725665,0.266911
0.084604,0.907180
0.466772,0.029829
0.815449,0.130436
0.437207,0.434303
0.759982,0.697750
0.952584,0.008975
0.886458,0.543688
0.579357,0.511219
0.066818,0.926780
0.425592,0.400944
0.773906,0.960074
0.333597,0.127269
0.043259,0.889494
0.397017,0.987923
0.887712,0.917211
0.793770,0.755131
0.730251,0.878275
0.868904,0.058305
0.577674,0.028179
0.779087,0.846697
0.219428,0.627104
0.521052,0.858279
0.096944,0.619118
0.576981,0.484854
0.660595,0.392233
0.958094,0.461790
0.828714,0.425229
0.705405,0.137036
0.620273,0.569359
0.063222,0.926582
0.810599,0.366891
0.607800,0.103181
0.930476,0.746552
0.106118,0.402693
0.145516,0.260839
0.882400,0.862931
0.885369,0.419323
0.393156,0.121164
0.227546,0.839570
0.909061,0.401241
0.444301,0.011120
0.973075,0.912592
0.390286,0.960602
0.736686,0.218076
0.969148,0.507787
0.718868,0.336534
0.922326,0.881971
0.712499,0.693955
0.833366,0.356332
0.500957,0.287105
0.660826,0.380420
0.997591,0.430047
0.582492,0.965650
0.602851,0.086386
0.084109,0.857850
0.382136,0.545338
0.343034,0.794991
0.656966,0.733980
0.337425,0.240414
0.697783,0.349931
0.316901,0.186102
0.188280,0.008447
0.194747,0.452881
0.300634,0.892925
0.406652,0.578136
0.535241,0.436184
0.523131,0.021217
0.452419,0.649211
0.361051,0.660694
0.737643,0.635683
0.132746,0.333828
0.698839,0.416584
0.497459,0.650135
0.062727,0.819607
0.725962,0.967729
0.135386,0.443938
0.150201,0.354913
0.683594,0.043061
0.890748,0.406223
0.312842,0.868112
0.494292,0.310335
0.521085,0.375800
0.102587,0.635518
0.541807,0.305451
0.645945,0.535867
0.452914,0.166172
0.445687,0.580611
0.210024,0.861843
0.913021,0.232033
0.121362,0.908434
0.752260,0.245496
0.632284,0.223916
0.117007,0.512308
0.007457,0.114037
0.275160,0.613707
0.050815,0.554115
0.689104,0.304593
0.833003,0.388306
0.438890,0.786445
0.047713,0.264073
0.158714,0.419092
0.139279,0.081436
0.816010,0.006533
0.533129,0.123705
0.162014,0.276546
0.703524,0.564344
0.298654,0.063915
0.068105,0.993005
0.645648,0.791196
0.402132,0.081304
0.762258,0.983865
0.341879,0.219132
0.459480,0.689401
0.568501,0.573154
0.210519,0.579225
0.997657,0.623474
0.593777,0.233980
0.532502,0.243252
0.054808,0.838019
0.371808,0.134495
0.577014,0.132350
0.666238,0.763479
0.922920,0.314096
0.814063,0.022768
0.200224,0.915957
0.237247,0.539464
0.567874,0.784795
0.103313,0.980334
0.665941,0.611892
0.872138,0.241965
0.130601,0.616677
0.332079,0.064872
0.783739,0.157560
0.014981,0.099353
0.561605,0.088200
0.031281,0.169966
0.348875,0.233254
0.655646,0.118392
0.111727,0.362832
0.104699,0.405134
0.902924,0.680822
0.394839,0.097571
0.515310,0.781759
0.115192,0.458193
0.697156,0.806639
0.209694,0.737346
0.856596,0.819310
0.473108,0.916650
0.898766,0.658648
0.683924,0.283805
0.947172,0.812908
0.961130,0.815647
0.347786,0.286676
0.469445,0.306639
0.272454,0.740183
0.588167,0.307365
0.573319,0.865043
0.034284,0.782551
0.862337,0.594404
0.454860,0.234079
0.778592,0.260278
0.134792,0.766449
0.048637,0.824886
0.316703,0.875767
0.154425,0.627005
0.405794,0.841253
0.388537,0.690688
0.437636,0.794496
0.833333,0.648848
0.495314,0.598264
0.696001,0.898106
0.012209,0.469148
0.087639,0.690820
0.985877,0.817198
0.579489,0.553422
0.089388,0.185409
0.284894,0.889296
0.715304,0.953871
0.312941,0.060318
0.511219,0.374381
0.415561,0.391474
0.058635,0.331255
0.026298,0.973933
0.496898,0.510889
0.966838,0.870026
0.323896,0.639510
0.384445,0.992180
0.738006,0.649310
0.194813,0.677721
0.311918,0.564113
0.336303,0.024187
0.505939,0.159968
0.512803,0.513661
0.686399,0.346730
0.370323,0.635617
0.323104,0.322477
0.249027,0.464297
0.582162,0.856563
0.546426,0.323995
0.435854,0.725368
0.528641,0.759190
0.394674,0.576322
0.487098,0.124035
0.291064,0.333300
0.770408,0.325777
0.735531,0.031809
0.771662,0.470963
0.949944,0.002937
0.435062,0.505114
0.393222,0.876856
0.238831,0.814294
0.838712,0.053983
0.415000,0.284729
0.962747,0.971821
0.624266,0.147661
0.745958,0.396786
0.554610,0.244968
0.835148,0.133109
0.805649,0.894014
0.761466,0.765426
0.206461,0.648947
0.303636,0.615291
0.920115,0.826536
0.334455,0.159506
0.189962,0.434204
0.482512,0.680723
0.506797,0.080545
0.659506,0.853329
0.771893,0.767835
0.989441,0.063222
0.188840,0.873820
0.290669,0.292153
0.702699,0.248730
0.157593,0.780110
0.947469,0.174421
0.011879,0.999439
0.031215,0.897875
0.337590,0.429420
0.725995,0.857817
0.141028,0.539662
0.115027,0.818848
0.668943,0.837194
0.385567,0.992642
0.929849,0.728767
0.998944,0.343727
0.813832,0.119151
0.160727,0.493368
0.483469,0.856464
0.670428,0.306969
0.639477,0.796938
0.347027,0.068798
0.339669,0.832937
0.081436,0.260509
0.925130,0.806177
0.192074,0.657890
0.843628,0.153270
0.255692,0.361579
0.721903,0.189467
0.441398,0.587342
0.476539,0.019567
0.485547,0.365439
0.025869,0.853494
0.423546,0.796212
0.424074,0.943971
0.514354,0.357751
0.951594,0.531149
0.717185,0.354616
0.634561,0.992015
0.506335,0.620933
0.580512,0.797004
0.264304,0.080149
0.194516,0.785224
0.261136,0.054082
0.652874,0.301755
0.637794,0.900251
0.059262,0.838052
0.133505,0.140170
0.828615,0.108493
0.688478,0.660265
0.725797,0.561902
0.107173,0.643965
0.326074,0.758332
0.756847,0.428760
0.416551,0.744308
0.227909,0.016762
0.971128,0.883059
0.057381,0.881245
0.811918,0.569095
0.833498,0.881179
0.523527,0.557744
0.520128,0.928892
0.938989,0.764172
0.561836,0.433281
0.070778,0.521811
0.102653,0.748532
0.553092,0.743219
0.575596,0.829506
0.423612,0.670296
0.435359,0.287171
0.444004,0.391771
0.922293,0.382334
0.706857,0.759223
0.868541,0.581997
0.515607,0.100178
0.165974,0.230086
0.380585,0.573583
0.077839,0.653006
0.310104,0.313337
0.025968,0.892266
0.440474,0.464627
0.318551,0.913317
0.470402,0.085429
0.436085,0.693262
0.568138,0.237148
0.148452,0.788095
0.384544,0.547845
0.754933,0.226292
0.089289,0.920940
0.267967,0.396423
0.820828,0.182538
0.356893,0.395532
0.026694,0.029301
0.564608,0.039629
0.544744,0.816010
0.148089,0.349106
0.322477,0.044216
0.141820,0.604864
0.250445,0.033129
0.824787,0.697981
0.033954,0.048703
0.805913,0.376691
0.806606,0.788755
0.925097,0.661354
0.186432,0.749192
0.878803,0.856728
0.270343,0.352372
0.227051,0.606085
0.824424,0.243120
0.971920,0.815317
0.192800,0.229921
0.967762,0.545206
0.481885,0.772289
0.399591,0.829407
0.327790,0.653270
0.050221,0.358741
0.587540,0.701412
0.466112,0.638949
0.702600,0.895697
0.140665,0.054841
0.052960,0.432291
0.055831,0.351548
0.546723,0.464199
0.486636,0.839537
0.212070,0.395565
0.262819,0.034977
0.940639,0.015772
0.843958,0.712796
0.312116,0.596912
0.370158,0.665413
0.294892,0.447238
0.424899,0.922458
0.655415,0.657494
0.072230,0.085165
0.350921,0.647859
0.005444,0.428001
0.931004,0.613773
0.196397,0.565466
0.582756,0.256880
0.647990,0.181878
0.802745,0.282023
0.264931,0.506434
0.301722,0.103841
0.592853,0.860061
0.374513,0.925592
0.039662,0.196628
0.782023,0.818881
0.721606,0.842869
0.390616,0.968785
0.793110,0.625553
0.617402,0.591533
0.572362,0.740348
0.870686,0.335742
0.882367,0.745760
0.879727,0.266482
0.428331,0.833399
0.242196,0.339966
0.414208,0.472184
0.827328,0.212928
0.468422,0.622451
0.097538,0.058041
0.678546,0.982809
0.027453,0.037517
0.694384,0.452782
0.735762,0.875899
0.811160,0.649706
0.703722,0.745826
0.332508,0.277833
0.857091,0.785686
0.557744,0.133538
0.371148,0.967795
0.464166,0.455289
0.369696,0.307200
0.215898,0.836666
0.917343,0.901835
0.860523,0.110440
0.144526,0.995116
0.713126,0.154392
0.940573,0.554544
0.832673,0.378374
0.382466,0.078169
0.399459,0.444697
0.305220,0.485448
0.190919,0.494391
0.646143,0.032370
0.486768,0.567445
0.234640,0.597406
0.122121,0.750544
0.882037,0.089388
0.823302,0.374282
0.780077,0.374447
0.388702,0.402825
0.465848,0.283541
0.657461,0.767505
0.422062,0.006467
0.170164,0.112354
0.097142,0.324259
0.610836,0.770771
0.449548,0.568336
0.870191,0.750643
0.797730,0.106415
0.407312,0.302712
0.648089,0.064806
0.819673,0.146209
0.159407,0.147067
0.257771,0.294628
0.077344,0.674388
0.225467,0.990926
0.553587,0.433644
0.660232,0.584241
0.896027,0.486108
0.215601,0.607899
0.866561,0.555270
0.177061,0.503234
0.276381,0.553356
0.259586,0.174058
0.387679,0.937009
0.290932,0.160265
0.747839,0.564740
0.876229,0.132020
0.830265,0.706725
0.970600,0.552663
0.967135,0.054874
0.374678,0.437966
0.067874,0.327691
0.606151,0.360985
0.648353,0.087309
0.864812,0.016729
0.878044,0.877384
0.140566,0.905101
0.036032,0.672309
0.161354,0.633373
0.590675,0.936580
0.002112,0.086485
0.361117,0.874876
0.748928,0.473768
0.062397,0.485349
0.669537,0.477364
0.487131,0.103940
0.296707,0.877087
0.735234,0.854022
0.720880,0.887019
0.266482,0.562265
0.566917,0.706395
0.939715,0.495908
0.685970,0.293440
0.296971,0.470072
0.780374,0.849733
0.439484,0.149211
0.149277,0.663532
0.525605,0.123738
0.875602,0.282221
0.723058,0.540487
0.638883,0.960734
0.245463,0.240777
0.972811,0.412361
0.345146,0.923711
0.018049,0.873160
0.086320,0.178644
0.760180,0.725863
0.986438,0.844321
0.675411,0.218472
0.491454,0.575893
0.035834,0.050254
0.127500,0.643437
0.801722,0.667525
0.090015,0.810467
0.392101,0.395664
0.046987,0.052003
0.034581,0.944235
0.913120,0.403154
0.138289,0.340296
0.646737,0.528938
0.588332,0.974395
0.601531,0.590345
0.858444,0.536032
0.789085,0.194549
0.929057,0.461328
0.863525,0.345773
0.657989,0.471029
0.512341,0.014288
0.607404,0.457401
0.862766,0.670428
0.528212,0.309873
0.321323,0.296344
0.944367,0.969511
0.481522,0.750412
0.337524,0.066686
0.714710,0.469709
0.211377,0.787303
0.144328,0.411635
0.679271,0.798852
0.151587,0.397974
0.920577,0.449284
0.413449,0.274302
0.697552,0.178414
0.277404,0.686135
0.434501,0.011285
0.297301,0.940969
0.836798,0.841319
0.087738,0.702039
0.002772,0.746783
0.473966,0.442421
0.045437,0.093843
0.769419,0.140434
0.566258,0.153897
0.826866,0.469412
0.389428,0.736224
0.589982,0.626345
0.883653,0.727744
0.099749,0.167789
0.056556,0.858708
0.670857,0.692899
0.712829,0.174718
0.889791,0.050485
0.149211,0.683165
0.514321,0.500528
0.945951,0.087969
0.752359,0.130238
0.649211,0.400251
0.011483,0.840890
0.963539,0.628258
0.759685,0.056886
0.901802,0.784168
0.202996,0.872500
0.711212,0.065136
0.613311,0.202963
0.872731,0.908533
0.232165,0.262522
0.698971,0.152346
0.520029,0.202666
0.922062,0.857454
0.667360,0.477232
0.114730,0.081238
0.618161,0.972514
0.702138,0.266845
0.061671,0.895829
0.545404,0.077542
0.260938,0.336864
0.619019,0.938725
0.848842,0.455388
0.147166,0.324226
0.164489,0.765096
0.126675,0.592193
0.660661,0.853857
0.969379,0.858642
0.758365,0.681548
0.676104,0.222431
0.609945,0.256913
0.297202,0.187554
0.819871,0.258167
0.193262,0.403220
0.046723,0.351647
0.989474,0.481225
0.194483,0.767967
0.255494,0.085924
0.688049,0.778394
0.652445,0.879331
0.564443,0.239919
0.516531,0.264799
0.323962,0.543952
0.395730,0.556622
0.667657,0.735927
0.165512,0.575266
0.301590,0.942454
0.570283,0.096681
0.515212,0.628522
0.098264,0.102290
0.802679,0.593315
0.253646,0.046789
0.372072,0.047515
0.622154,0.172375
0.384841,0.647562
0.805715,0.376922
0.772751,0.828483
0.136112,0.494358
0.274335,0.026694
0.909787,0.591302
0.568435,0.700620
0.199234,0.502739
0.067973,0.468224
0.623078,0.531908
0.542830,0.485151
0.820861,0.443312
0.362535,0.247080
0.991553,0.496337
0.549957,0.367221
0.039563,0.159935
0.765096,0.507985
0.827130,0.370587
0.434567,0.738831
0.308586,0.074672
0.766449,0.843133
0.058437,0.014156
0.992477,0.434699
0.707946,0.765855
0.054709,0.722728
0.354880,0.305154
0.682538,0.484788
0.710189,0.380882
0.438395,0.509503
0.963110,0.631657
0.686333,0.641457
0.359038,0.326998
0.393453,0.241800
0.278328,0.588299
0.592490,0.184155
0.312446,0.673629
0.426582,0.860391
0.943180,0.982347
0.278394,0.958094
0.603775,0.786775
0.242097,0.320828
0.397281,0.180525
0.932852,0.049330
0.512374,0.484525
0.613047,0.335478
0.827592,0.700356
0.513562,0.457335
0.816175,0.659077
0.561341,0.357586
0.986174,0.502772
0.630271,0.473900
0.772850,0.508051
0.153039,0.381938
0.168811,0.691117
0.865835,0.868277
0.052927,0.338712
0.050188,0.256517
0.581898,0.119448
0.501287,0.544447
0.717251,0.641754
0.645846,0.378077
0.435986,0.027090
0.551211,0.659407
0.253976,0.414340
0.428496,0.264205
0.270408,0.441794
0.238336,0.986042
0.754075,0.593711
0.942619,0.114895
0.182472,0.761268
0.201709,0.933874
0.491157,0.621131
0.985085,0.831057
0.444070,0.937042
0.933578,0.165941
0.636508,0.540883
0.839240,0.028806
0.505279,0.954530
0.399954,0.173827
0.389857,0.897281
0.663334,0.327262
0.426384,0.287204
0.909325,0.397446
0.489441,0.358477
0.691678,0.656009
0.273081,0.829803
0.695374,0.721375
0.905035,0.072461
0.755956,0.462879
0.264205,0.612519
0.177589,0.349799
0.366660,0.163400
0.696826,0.103874
0.153270,0.865736
0.208309,0.901736
0.619613,0.093414
0.950406,0.066653
0.514057,0.464034
0.900812,0.811160
0.033723,0.514849
0.766416,0.551046
0.052795,0.776810
0.027618,0.606910
0.722596,0.385006
0.559889,0.218901
0.737907,0.649673
0.177886,0.740150
0.417442,0.301689
0.380255,0.888900
0.021415,0.885765
0.661849,0.346598
0.172474,0.612915
0.492114,0.417904
0.148683,0.877153
0.424041,0.865373
0.508711,0.839306
0.986768,0.355837
0.731835,0.201973
0.139708,0.738270
0.889362,0.978222
0.075860,0.248664
0.971590,0.768759
0.136376,0.222134
0.319475,0.205834
0.628390,0.402264
0.451231,0.187059
0.157923,0.173035
0.003861,0.761070
0.660166,0.899822
0.884742,0.764271
0.285950,0.450307
0.895862,0.450241
0.187389,0.438890
0.042401,0.486603
0.250313,0.693031
0.802217,0.197420
0.174652,0.955091
0.864515,0.270310
0.827262,0.491718
0.457137,0.572692
0.167888,0.499769
0.707847,0.957467
0.037781,0.678941
0.460404,0.774104
0.726490,0.141523
0.225665,0.341187
0.587441,0.682175
0.449185,0.330265
0.808124,0.803669
0.184617,0.226556
0.568468,0.966343
0.204877,0.205570
0.032799,0.356860
0.608427,0.377912
0.037649,0.998746
0.437834,0.778691
0.867188,0.930410
0.284267,0.025210
0.608097,0.335907
0.981258,0.774137
0.789580,0.147199
0.013661,0.317330
0.335907,0.578961
0.438230,0.578070
0.934897,0.424833
0.862206,0.068930
0.432291,0.855639
0.919290,0.165083
0.193394,0.393321
0.069293,0.649079
0.848776,0.637992
0.135881,0.731109
0.234838,0.746684
0.155976,0.425394
0.670989,0.165413
0.735399,0.450076
0.749093,0.410513
0.090609,0.605887
0.493665,0.209068
0.413878,0.958457
0.770903,0.849205
0.820168,0.058404
0.244044,0.045206
0.730185,0.775127
0.857619,0.317462
0.648023,0.601663
0.808388,0.482644
0.229756,0.011978
0.287072,0.060120
0.087672,0.340329
0.991520,0.534614
0.544315,0.950538
0.074738,0.487131
0.779747,0.783838
0.332277,0.815746
0.817594,0.303702
0.803966,0.235069
0.473702,0.430542
0.000297,0.050749
0.050782,0.728569
0.683462,0.309675
0.868178,0.262291
0.453541,0.112618
0.552894,0.369663
0.541741,0.579918
0.634660,0.742658
0.523263,0.733023
0.474988,0.075827
0.220352,0.041741
0.679040,0.179205
0.112090,0.822345
0.166766,0.438758
0.516003,0.463902
0.233683,0.788458
0.958523,0.610275
0.902066,0.963902
0.248136,0.785620
0.429816,0.122187
0.496106,0.015475
0.831420,0.661717
0.168053,0.811621
0.736059,0.594305
0.861942,0.217053
0.387151,0.331848
0.200653,0.076058
0.310599,0.081469
0.110605,0.012209
0.912889,0.099848
0.098792,0.173332
0.892958,0.812149
0.690886,0.685112
0.137663,0.835379
0.539530,0.680492
0.256616,0.040817
0.879892,0.020293
0.456543,0.490299
0.066324,0.328648
0.340956,0.525572
0.301491,0.395499
0.553356,0.023626
0.620735,0.063486
0.142216,0.919224
0.318155,0.101300
0.402693,0.423052
0.858180,0.762489
0.743945,0.143833
0.210420,0.738468
0.980730,0.012242
0.699300,0.105524
0.576454,0.149475
0.570316,0.708936
0.520854,0.932918
0.063090,0.456543
0.788029,0.522867
0.748499,0.930146
0.989078,0.979839
0.126774,0.526760
0.677589,0.599815
0.863855,0.164819
0.714413,0.347918
0.160595,0.839933
0.460899,0.463671
0.811127,0.748730
0.698080,0.777272
0.367683,0.686366
0.871742,0.051013
0.062892,0.773972
0.754174,0.118821
0.959546,0.436613
0.076948,0.094998
0.157758,0.339075
0.975681,0.318947
0.836039,0.857058
0.957995,0.409127
0.811786,0.367518
0.810929,0.211014
0.664225,0.293275
0.578730,0.441695
0.959645,0.969016
0.093876,0.665281
0.052234,0.424536
0.931730,0.017851
0.320531,0.070316
0.808949,0.093975
0.325678,0.163136
0.689137,0.058470
0.838646,0.056556
0.403715,0.727414
0.033063,0.111034
0.653567,0.097241
0.756286,0.725005
0.320630,0.696760
0.825876,0.838745
0.220154,0.259355
0.645186,0.607536
0.323137,0.492840
0.254669,0.765657
0.546987,0.688676
0.531776,0.448294
0.930707,0.104039
0.145615,0.894113
0.899327,0.782452
0.779846,0.577377
0.349205,0.305649
0.712070,0.569920
0.760015,0.023032
0.958226,0.961361
0.851284,0.348611
0.564707,0.959117
0.561671,0.962714
0.042566,0.581304
0.278526,0.981027
0.626345,0.731076
0.101399,0.741008
0.338679,0.449251
0.912196,0.268627
0.980334,0.202270
0.631591,0.789349
0.998548,0.763512
0.746123,0.319772
0.582822,0.998944
0.659275,0.812743
0.732396,0.787270
0.235630,0.405959
0.291394,0.822708
0.826833,0.501188
0.383785,0.201478
0.625157,0.653138
0.898304,0.336039
0.604930,0.796839
0.439583,0.051772
0.166205,0.904507
0.420082,0.570151
0.831650,0.062760
0.207550,0.794364
0.489837,0.626147
0.759388,0.693691
0.851020,0.310929
0.519567,0.477958
0.843067,0.206098
0.159770,0.447667
0.319838,0.996238
0.690457,0.347357
0.064311,0.743450
0.996799,0.869234
0.447073,0.503300
0.447007,0.564707
0.435722,0.126345
0.506071,0.730581
0.535373,0.655877
0.545701,0.807101
0.311720,0.816802
0.302448,0.485316
0.716987,0.471689
0.600706,0.127796
0.717383,0.980301
0.668415,0.606217
0.295288,0.265822
0.492609,0.719890
0.233320,0.817099
0.896456,0.536395
0.288953,0.256979
0.409292,0.198905
0.986636,0.210453
0.709265,0.196793
0.280407,0.847258
0.947964,0.723586
0.096516,0.452716
0.503630,0.864548
0.117831,0.697420
0.148518,0.952254
0.395829,0.782254
0.684584,0.543325
0.059988,0.448789
0.257639,0.189170
0.054775,0.536263
0.366165,0.234277
0.612189,0.294331
0.680888,0.623309
0.428067,0.205603
0.197057,0.362535
0.695605,0.354055
0.944532,0.895532
0.509734,0.026463
0.161651,0.551574
0.641457,0.867617
0.685574,0.225203
0.229262,0.733650
0.202435,0.183660
0.615291,0.588497
0.211245,0.218208
0.121758,0.530489
0.819970,0.241107
0.210189,0.469115
0.941233,0.685145
0.945522,0.841055
0.679007,0.656636
0.106448,0.937636
0.201940,0.268099
0.530654,0.111463
0.738864,0.171022
0.341517,0.414868
0.397413,0.355012
0.955421,0.060087
0.371676,0.334653
0.554445,0.558470
0.806936,0.053719
0.981522,0.239326
0.834719,0.162641
0.732297,0.973372
0.218703,0.414406
0.396918,0.275556
0.870785,0.394080
0.899294,0.779615
0.774203,0.089289
0.384379,0.357256
0.726721,0.446017
0.265162,0.712466
0.341220,0.540157
0.346631,0.903979
0.271959,0.479344
0.503531,0.444466
0.100904,0.445720
0.254042,0.661387
0.439781,0.754867
0.200059,0.832871
0.209035,0.249159
0.743747,0.853890
0.176566,0.864317
0.191744,0.657692
0.787204,0.119217
0.607437,0.504719
0.868409,0.808751
0.493038,0.100541
0.306672,0.292516
0.439187,0.311160
0.098495,0.517686
0.842176,0.039101
0.007424,0.725203
0.269518,0.730812
0.085990,0.695605
0.703755,0.640104
0.338151,0.094305
0.821916,0.219890
0.543094,0.819937
0.866000,0.024451
0.081139,0.205372
0.874348,0.322807
0.508645,0.521052
0.975483,0.617996
0.802184,0.291889
0.169009,0.203326
0.899690,0.970963
0.841912,0.000099
0.962318,0.017026
0.550914,0.928463
0.203194,0.690391
0.745067,0.743417
0.402264,0.863558
0.784828,0.527156
0.201181,0.667921
0.400878,0.878572
0.547845,0.109384
0.678480,0.813502
0.016168,0.917805
0.764733,0.857289
0.765063,0.448855
0.821487,0.200521
0.469742,0.488550
0.323236,0.027849
0.271596,0.789943
0.441464,0.865670
0.487824,0.890385
0.415198,0.141127
0.996601,0.273081
0.413219,0.968455
0.658055,0.568798
0.523626,0.830100
0.537055,0.772454
0.833465,0.857784
0.517884,0.533987
0.555303,0.842704
0.953640,0.940408
0.066983,0.744836
0.453805,0.107569
0.598033,0.501353
0.260344,0.229855
0.517455,0.533855
0.481951,0.820003
0.410876,0.035801
0.257441,0.157659
0.020920,0.116380
0.577212,0.016630
0.700092,0.860358
0.711872,0.976671
0.726160,0.981951
0.169240,0.889989
0.939187,0.073022
0.595691,0.559361
0.859764,0.206956
0.014750,0.595229
0.522108,0.375965
0.277503,0.663895
0.451429,0.186168
0.191777,0.019798
0.792846,0.405167
0.572263,0.686498
0.853758,0.073715
0.987890,0.678546
0.923678,0.705999
0.943840,0.427803
0.391243,0.579720
0.900317,0.708606
0.949119,0.876163
0.294001,0.695110
0.272553,0.554973
0.605095,0.452155
0.467795,0.768066
0.990365,0.102950
0.346829,0.706824
0.305814,0.569689
0.292483,0.983337
0.013001,0.128324
0.223058,0.071075
0.141688,0.224510
0.227876,0.614466
0.965485,0.684650
0.092556,0.755923
0.826569,0.014453
0.338646,0.485778
0.906553,0.551145
0.015475,0.793836
0.646242,0.535340
0.503696,0.075365
0.129116,0.962318
0.078169,0.513199
0.366528,0.267274
0.674256,0.969610
0.293968,0.767439
0.266911,0.995149
0.640269,0.160067
0.482446,0.530687
0.495512,0.275160
0.729855,0.325975
0.801194,0.065862
0.999769,0.327823
0.954893,0.383686
0.281396,0.991916
0.117205,0.603907
0.041312,0.868574
0.064113,0.389791
0.962945,0.041807
0.658121,0.190556
0.534911,0.774632
0.466706,0.232330
0.804164,0.959513
0.507556,0.030786
0.789283,0.295024
0.962912,0.742493
0.652478,0.704646
0.570085,0.195110
0.481357,0.557810
0.309312,0.940243
0.890583,0.716459
0.284630,0.226853
0.670164,0.017389
0.594338,0.990893
0.628423,0.427968
0.456873,0.608097
0.122748,0.589322
0.989243,0.360094
0.154986,0.934105
0.501716,0.660859
0.790603,0.664060
0.188577,0.214545
0.245529,0.900548
0.984096,0.889131
0.274797,0.925493
0.988781,0.179601
0.075992,0.890451
0.994160,0.152478
0.995710,0.225368
0.260872,0.762027
0.607734,0.064377
0.919191,0.072428
0.176467,0.457203
0.174817,0.636376
0.892728,0.453013
0.651389,0.915627
0.383884,0.482710
0.642084,0.023329
0.792780,0.012407
0.560978,0.133901
0.924107,0.030192
0.017158,0.192866
0.934006,0.171880
0.709859,0.562430
0.381971,0.734772
0.314822,0.376625
0.832838,0.777404
0.410678,0.709068
0.223586,0.955619
0.231967,0.361117
0.665116,0.110011
0.731076,0.921336
0.009932,0.464528
0.698344,0.896291
0.412823,0.156999
0.590345,0.002871
0.945720,0.493764
0.712862,0.924569
0.895433,0.020689
0.114037,0.558404
0.499670,0.042368
0.440771,0.287039
0.369333,0.369069
0.153831,0.477760
0.304230,0.172045
0.021646,0.590807
0.701346,0.615489
0.926285,0.860589
0.389560,0.016366
0.612552,0.814954
0.742955,0.167492
0.041147,0.807629
0.035900,0.907609
0.138784,0.103610
0.731373,0.820333
0.060714,0.092556
0.381773,0.919125
0.280967,0.084274
0.043853,0.494622
0.498581,0.072098
0.254570,0.400449
0.530060,0.874942
0.637300,0.485118
0.974658,0.437636
0.661123,0.270936
0.048340,0.599551
0.265921,0.119415
0.470996,0.538771
0.537649,0.665611
0.935029,0.481291
0.884775,0.779318
0.291592,0.038210
0.860688,0.571966
0.172738,0.374909
0.537253,0.482281
0.867320,0.949581
0.306837,0.322543
0.467399,0.475648
0.922656,0.808850
0.768924,0.117567
0.481621,0.220946
0.354451,0.001518
0.609186,0.261070
0.167426,0.902660
0.628852,0.252326
0.530225,0.398700
0.665512,0.574144
0.798786,0.749489
0.587870,0.907807
0.522537,0.137663
0.350855,0.677193
0.994193,0.473306
0.001320,0.405893
0.225698,0.811357
0.593084,0.548901
0.414010,0.407906
0.793473,0.157527
0.679469,0.093678
0.185442,0.112057
0.709529,0.273180
0.325546,0.985481
0.666568,0.497228
0.979344,0.520458
0.462318,0.515838
0.053719,0.721309
0.185607,0.061110
0.737742,0.510592
0.149673,0.818947
0.593315,0.854220
0.453508,0.921072
0.547251,0.419125
0.576915,0.087111
0.649310,0.982710
0.028410,0.020491
0.858015,0.524352
0.715733,0.185508
0.386293,0.906322
0.053950,0.882301
0.225104,0.750709
0.491520,0.117765
0.047119,0.254999
0.057150,0.858411
0.772421,0.641820
0.079687,0.389428
0.626081,0.979410
0.056259,0.452980
0.620075,0.909952
0.029367,0.506566
0.021613,0.126543
0.695704,0.764634
0.961460,0.512737
0.404210,0.187818
0.117699,0.303570
0.125949,0.212367
0.536527,0.525968
0.743186,0.463605
0.080644,0.737379
0.789712,0.824985
0.036230,0.892794
0.195209,0.555435
0.379628,0.531611
0.914241,0.434072
0.330133,0.658022
0.450835,0.175972
0.090213,0.266152
0.425955,0.776645
0.835973,0.578532
0.946710,0.504290
0.882136,0.734970
0.840230,0.410678
0.674553,0.634264
0.344750,0.089784
0.950373,0.442388
0.508414,0.088167
0.935986,0.164291
0.048373,0.257111
0.271563,0.221606
0.435821,0.115027
0.522999,0.783970
0.429849,0.838448
0.501749,0.208276
0.796245,0.822246
0.153402,0.421732
0.230878,0.535472
0.478915,0.098066
0.891804,0.866891
0.493401,0.100343
0.368739,0.258464
0.052267,0.454299
0.937372,0.136937
0.285356,0.552333
0.794298,0.998152
0.820531,0.676533
0.306111,0.359797
0.343265,0.883026
0.696463,0.875569
0.091203,0.592952
0.595229,0.984393
0.780769,0.309939
0.507193,0.307695
0.727216,0.921798
0.349799,0.543985
0.813634,0.562298
0.126873,0.712070
0.694516,0.472052
0.758332,0.190226
0.670461,0.717878
0.645120,0.470897
0.311852,0.991619
0.325018,0.552828
0.576289,0.083251
0.542104,0.318683
0.696727,0.811654
0.136343,0.599980
0.313832,0.193196
0.663565,0.228635
0.465881,0.323863
0.663103,0.702666
0.386887,0.854616
0.155514,0.989177
0.591995,0.132845
0.227810,0.848611
0.954200,0.956279
0.162905,0.474625
0.855870,0.632911
0.348974,0.857124
0.672573,0.420478
0.006203,0.319805
0.060747,0.004587
0.387415,0.788887
0.245793,0.684056
0.029202,0.653765
0.993434,0.443873
0.871577,0.343562
0.034680,0.090774
0.930047,0.612651
0.032766,0.372500
0.602785,0.067973
0.072824,0.691051
0.452485,0.856926
0.372336,0.386425
0.667294,0.462945
0.103445,0.623870
0.688511,0.302085
0.731439,0.957005
0.071999,0.599485
0.311423,0.108064
0.251666,0.586485
0.033525,0.872039
0.732561,0.985712
0.263842,0.536956
0.115522,0.353461
0.753580,0.793374
0.857982,0.455883
0.710090,0.409358
0.421468,0.407246
0.068600,0.044018
0.730284,0.570811
0.874546,0.176269
0.542500,0.317231
0.764436,0.561935
0.714281,0.649640
0.138025,0.734475
0.601597,0.325546
0.869729,0.992114
0.718736,0.637959
0.899756,0.725434
0.853197,0.770540
0.891969,0.528608
0.521613,0.917640
0.192866,0.828912
0.979047,0.568138
0.411536,0.716591
0.370290,0.249555
0.317462,0.921996
0.284201,0.578037
0.596813,0.419158
0.051574,0.092787
0.818881,0.958853
0.023989,0.917310
0.101927,0.772157
0.428958,0.806705
0.349403,0.748697
0.745925,0.771596
0.548967,0.710222
0.870323,0.154227
0.820300,0.526166
0.266614,0.497657
0.589487,0.594239
0.799017,0.205702
0.627368,0.379562
0.276315,0.282485
0.248301,0.585891
0.458028,0.769881
0.320234,0.415099
0.758167,0.394740
0.642249,0.893123
0.820993,0.612189
0.385105,0.293044
0.850855,0.401967
0.491355,0.135980
0.018907,0.387745
0.233023,0.689962
0.845674,0.669636
0.605524,0.173662
0.541147,0.868904
0.533096,0.446545
0.156372,0.803273
0.738699,0.158450
0.313304,0.252590
0.573286,0.444103
0.028641,0.383290
0.897512,0.923810
0.469511,0.890187
0.283739,0.107075
0.517818,0.416221
0.544018,0.587705
0.023956,0.081997
0.096285,0.103016
0.464133,0.718175
0.364053,0.521976
0.251072,0.776909
0.931994,0.623936
0.365670,0.313436
0.527552,0.909292
0.208474,0.393057
0.647826,0.603676
0.774533,0.828846
0.440804,0.556787
0.374975,0.764304
0.118656,0.455982
0.289580,0.426384
0.516498,0.335676
0.318320,0.734409
0.430905,0.314195
0.682307,0.039794
0.670692,0.844387
0.684617,0.229822
0.065631,0.528179
0.222464,0.843859
0.040124,0.139015
0.861018,0.909886
0.229163,0.495215
0.185508,0.174256
0.720814,0.971062
0.255197,0.017125
0.637267,0.945489
0.969016,0.618821
0.696298,0.433775
0.062991,0.606943
0.771101,0.390682
0.854022,0.195044
0.032997,0.546459
0.642282,0.987956
0.826635,0.922887
0.349931,0.731274
0.836204,0.775061
0.986207,0.306111
0.635914,0.649376
